page,page_image_path,pdf_text_chars,basic_observation_count,vision_observation_count,block_count,needs_manual_review,basic_ocr_error,vision_ocr_error
1,/Users/admin/Nutstore Files/我的坚果云/CODE/project/liangqin-skill/skill/liangqin-pricing/reports/addenda/designer-manual-2026-03-22/pdf-block-review-2026-03-24/page-images/page-001.png,21,7,2,1,False,,
2,/Users/admin/Nutstore Files/我的坚果云/CODE/project/liangqin-skill/skill/liangqin-pricing/reports/addenda/designer-manual-2026-03-22/pdf-block-review-2026-03-24/page-images/page-002.png,351,137,21,5,False,,
3,/Users/admin/Nutstore Files/我的坚果云/CODE/project/liangqin-skill/skill/liangqin-pricing/reports/addenda/designer-manual-2026-03-22/pdf-block-review-2026-03-24/page-images/page-003.png,111,74,17,5,False,,
4,/Users/admin/Nutstore Files/我的坚果云/CODE/project/liangqin-skill/skill/liangqin-pricing/reports/addenda/designer-manual-2026-03-22/pdf-block-review-2026-03-24/page-images/page-004.png,248,107,55,1,False,,
5,/Users/admin/Nutstore Files/我的坚果云/CODE/project/liangqin-skill/skill/liangqin-pricing/reports/addenda/designer-manual-2026-03-22/pdf-block-review-2026-03-24/page-images/page-005.png,374,96,10,1,False,,
6,/Users/admin/Nutstore Files/我的坚果云/CODE/project/liangqin-skill/skill/liangqin-pricing/reports/addenda/designer-manual-2026-03-22/pdf-block-review-2026-03-24/page-images/page-006.png,12,308,109,3,False,,
7,/Users/admin/Nutstore Files/我的坚果云/CODE/project/liangqin-skill/skill/liangqin-pricing/reports/addenda/designer-manual-2026-03-22/pdf-block-review-2026-03-24/page-images/page-007.png,143,68,13,9,False,,
8,/Users/admin/Nutstore Files/我的坚果云/CODE/project/liangqin-skill/skill/liangqin-pricing/reports/addenda/designer-manual-2026-03-22/pdf-block-review-2026-03-24/page-images/page-008.png,287,88,6,1,False,,
9,/Users/admin/Nutstore Files/我的坚果云/CODE/project/liangqin-skill/skill/liangqin-pricing/reports/addenda/designer-manual-2026-03-22/pdf-block-review-2026-03-24/page-images/page-009.png,228,77,8,4,False,,
10,/Users/admin/Nutstore Files/我的坚果云/CODE/project/liangqin-skill/skill/liangqin-pricing/reports/addenda/designer-manual-2026-03-22/pdf-block-review-2026-03-24/page-images/page-010.png,141,54,6,3,False,,
11,/Users/admin/Nutstore Files/我的坚果云/CODE/project/liangqin-skill/skill/liangqin-pricing/reports/addenda/designer-manual-2026-03-22/pdf-block-review-2026-03-24/page-images/page-011.png,88,68,9,6,False,,
12,/Users/admin/Nutstore Files/我的坚果云/CODE/project/liangqin-skill/skill/liangqin-pricing/reports/addenda/designer-manual-2026-03-22/pdf-block-review-2026-03-24/page-images/page-012.png,116,70,7,3,False,,
13,/Users/admin/Nutstore Files/我的坚果云/CODE/project/liangqin-skill/skill/liangqin-pricing/reports/addenda/designer-manual-2026-03-22/pdf-block-review-2026-03-24/page-images/page-013.png,142,55,9,5,False,,
14,/Users/admin/Nutstore Files/我的坚果云/CODE/project/liangqin-skill/skill/liangqin-pricing/reports/addenda/designer-manual-2026-03-22/pdf-block-review-2026-03-24/page-images/page-014.png,592,180,41,4,False,,
15,/Users/admin/Nutstore Files/我的坚果云/CODE/project/liangqin-skill/skill/liangqin-pricing/reports/addenda/designer-manual-2026-03-22/pdf-block-review-2026-03-24/page-images/page-015.png,750,124,21,10,False,,
16,/Users/admin/Nutstore Files/我的坚果云/CODE/project/liangqin-skill/skill/liangqin-pricing/reports/addenda/designer-manual-2026-03-22/pdf-block-review-2026-03-24/page-images/page-016.png,42,47,5,5,False,,
17,/Users/admin/Nutstore Files/我的坚果云/CODE/project/liangqin-skill/skill/liangqin-pricing/reports/addenda/designer-manual-2026-03-22/pdf-block-review-2026-03-24/page-images/page-017.png,0,59,4,7,False,,
18,/Users/admin/Nutstore Files/我的坚果云/CODE/project/liangqin-skill/skill/liangqin-pricing/reports/addenda/designer-manual-2026-03-22/pdf-block-review-2026-03-24/page-images/page-018.png,0,118,5,9,False,,
19,/Users/admin/Nutstore Files/我的坚果云/CODE/project/liangqin-skill/skill/liangqin-pricing/reports/addenda/designer-manual-2026-03-22/pdf-block-review-2026-03-24/page-images/page-019.png,0,109,6,9,False,,
20,/Users/admin/Nutstore Files/我的坚果云/CODE/project/liangqin-skill/skill/liangqin-pricing/reports/addenda/designer-manual-2026-03-22/pdf-block-review-2026-03-24/page-images/page-020.png,0,108,6,11,False,,
21,/Users/admin/Nutstore Files/我的坚果云/CODE/project/liangqin-skill/skill/liangqin-pricing/reports/addenda/designer-manual-2026-03-22/pdf-block-review-2026-03-24/page-images/page-021.png,173,70,9,4,False,,
22,/Users/admin/Nutstore Files/我的坚果云/CODE/project/liangqin-skill/skill/liangqin-pricing/reports/addenda/designer-manual-2026-03-22/pdf-block-review-2026-03-24/page-images/page-022.png,235,95,8,5,False,,
23,/Users/admin/Nutstore Files/我的坚果云/CODE/project/liangqin-skill/skill/liangqin-pricing/reports/addenda/designer-manual-2026-03-22/pdf-block-review-2026-03-24/page-images/page-023.png,128,58,11,10,False,,
24,/Users/admin/Nutstore Files/我的坚果云/CODE/project/liangqin-skill/skill/liangqin-pricing/reports/addenda/designer-manual-2026-03-22/pdf-block-review-2026-03-24/page-images/page-024.png,312,62,7,3,False,,
25,/Users/admin/Nutstore Files/我的坚果云/CODE/project/liangqin-skill/skill/liangqin-pricing/reports/addenda/designer-manual-2026-03-22/pdf-block-review-2026-03-24/page-images/page-025.png,161,72,6,4,False,,
26,/Users/admin/Nutstore Files/我的坚果云/CODE/project/liangqin-skill/skill/liangqin-pricing/reports/addenda/designer-manual-2026-03-22/pdf-block-review-2026-03-24/page-images/page-026.png,228,73,14,1,False,,
27,/Users/admin/Nutstore Files/我的坚果云/CODE/project/liangqin-skill/skill/liangqin-pricing/reports/addenda/designer-manual-2026-03-22/pdf-block-review-2026-03-24/page-images/page-027.png,46,25,9,7,False,,
28,/Users/admin/Nutstore Files/我的坚果云/CODE/project/liangqin-skill/skill/liangqin-pricing/reports/addenda/designer-manual-2026-03-22/pdf-block-review-2026-03-24/page-images/page-028.png,48,33,10,10,False,,
29,/Users/admin/Nutstore Files/我的坚果云/CODE/project/liangqin-skill/skill/liangqin-pricing/reports/addenda/designer-manual-2026-03-22/pdf-block-review-2026-03-24/page-images/page-029.png,50,30,14,10,False,,
30,/Users/admin/Nutstore Files/我的坚果云/CODE/project/liangqin-skill/skill/liangqin-pricing/reports/addenda/designer-manual-2026-03-22/pdf-block-review-2026-03-24/page-images/page-030.png,26,22,9,7,False,,
31,/Users/admin/Nutstore Files/我的坚果云/CODE/project/liangqin-skill/skill/liangqin-pricing/reports/addenda/designer-manual-2026-03-22/pdf-block-review-2026-03-24/page-images/page-031.png,89,47,10,10,False,,
32,/Users/admin/Nutstore Files/我的坚果云/CODE/project/liangqin-skill/skill/liangqin-pricing/reports/addenda/designer-manual-2026-03-22/pdf-block-review-2026-03-24/page-images/page-032.png,34,25,13,8,False,,
33,/Users/admin/Nutstore Files/我的坚果云/CODE/project/liangqin-skill/skill/liangqin-pricing/reports/addenda/designer-manual-2026-03-22/pdf-block-review-2026-03-24/page-images/page-033.png,20,10,3,4,False,,
34,/Users/admin/Nutstore Files/我的坚果云/CODE/project/liangqin-skill/skill/liangqin-pricing/reports/addenda/designer-manual-2026-03-22/pdf-block-review-2026-03-24/page-images/page-034.png,34,20,4,3,False,,
35,/Users/admin/Nutstore Files/我的坚果云/CODE/project/liangqin-skill/skill/liangqin-pricing/reports/addenda/designer-manual-2026-03-22/pdf-block-review-2026-03-24/page-images/page-035.png,12,5,1,2,False,,
36,/Users/admin/Nutstore Files/我的坚果云/CODE/project/liangqin-skill/skill/liangqin-pricing/reports/addenda/designer-manual-2026-03-22/pdf-block-review-2026-03-24/page-images/page-036.png,107,37,16,8,False,,
37,/Users/admin/Nutstore Files/我的坚果云/CODE/project/liangqin-skill/skill/liangqin-pricing/reports/addenda/designer-manual-2026-03-22/pdf-block-review-2026-03-24/page-images/page-037.png,0,17,0,2,False,,
38,/Users/admin/Nutstore Files/我的坚果云/CODE/project/liangqin-skill/skill/liangqin-pricing/reports/addenda/designer-manual-2026-03-22/pdf-block-review-2026-03-24/page-images/page-038.png,92,26,4,4,False,,
39,/Users/admin/Nutstore Files/我的坚果云/CODE/project/liangqin-skill/skill/liangqin-pricing/reports/addenda/designer-manual-2026-03-22/pdf-block-review-2026-03-24/page-images/page-039.png,21,8,2,4,False,,
40,/Users/admin/Nutstore Files/我的坚果云/CODE/project/liangqin-skill/skill/liangqin-pricing/reports/addenda/designer-manual-2026-03-22/pdf-block-review-2026-03-24/page-images/page-040.png,35,24,8,3,False,,
41,/Users/admin/Nutstore Files/我的坚果云/CODE/project/liangqin-skill/skill/liangqin-pricing/reports/addenda/designer-manual-2026-03-22/pdf-block-review-2026-03-24/page-images/page-041.png,66,26,7,4,False,,
42,/Users/admin/Nutstore Files/我的坚果云/CODE/project/liangqin-skill/skill/liangqin-pricing/reports/addenda/designer-manual-2026-03-22/pdf-block-review-2026-03-24/page-images/page-042.png,64,273,7,6,False,,
43,/Users/admin/Nutstore Files/我的坚果云/CODE/project/liangqin-skill/skill/liangqin-pricing/reports/addenda/designer-manual-2026-03-22/pdf-block-review-2026-03-24/page-images/page-043.png,65,10,8,9,False,,
44,/Users/admin/Nutstore Files/我的坚果云/CODE/project/liangqin-skill/skill/liangqin-pricing/reports/addenda/designer-manual-2026-03-22/pdf-block-review-2026-03-24/page-images/page-044.png,89,28,5,6,False,,
45,/Users/admin/Nutstore Files/我的坚果云/CODE/project/liangqin-skill/skill/liangqin-pricing/reports/addenda/designer-manual-2026-03-22/pdf-block-review-2026-03-24/page-images/page-045.png,86,28,8,5,False,,
46,/Users/admin/Nutstore Files/我的坚果云/CODE/project/liangqin-skill/skill/liangqin-pricing/reports/addenda/designer-manual-2026-03-22/pdf-block-review-2026-03-24/page-images/page-046.png,11,8,3,5,False,,
47,/Users/admin/Nutstore Files/我的坚果云/CODE/project/liangqin-skill/skill/liangqin-pricing/reports/addenda/designer-manual-2026-03-22/pdf-block-review-2026-03-24/page-images/page-047.png,13,8,6,5,False,,
48,/Users/admin/Nutstore Files/我的坚果云/CODE/project/liangqin-skill/skill/liangqin-pricing/reports/addenda/designer-manual-2026-03-22/pdf-block-review-2026-03-24/page-images/page-048.png,15,9,3,4,False,,
49,/Users/admin/Nutstore Files/我的坚果云/CODE/project/liangqin-skill/skill/liangqin-pricing/reports/addenda/designer-manual-2026-03-22/pdf-block-review-2026-03-24/page-images/page-049.png,15,6,3,5,True,,
50,/Users/admin/Nutstore Files/我的坚果云/CODE/project/liangqin-skill/skill/liangqin-pricing/reports/addenda/designer-manual-2026-03-22/pdf-block-review-2026-03-24/page-images/page-050.png,31,14,3,7,True,,
51,/Users/admin/Nutstore Files/我的坚果云/CODE/project/liangqin-skill/skill/liangqin-pricing/reports/addenda/designer-manual-2026-03-22/pdf-block-review-2026-03-24/page-images/page-051.png,10,16,2,6,False,,
52,/Users/admin/Nutstore Files/我的坚果云/CODE/project/liangqin-skill/skill/liangqin-pricing/reports/addenda/designer-manual-2026-03-22/pdf-block-review-2026-03-24/page-images/page-052.png,10,31,2,9,False,,
53,/Users/admin/Nutstore Files/我的坚果云/CODE/project/liangqin-skill/skill/liangqin-pricing/reports/addenda/designer-manual-2026-03-22/pdf-block-review-2026-03-24/page-images/page-053.png,17,39,10,5,False,,
54,/Users/admin/Nutstore Files/我的坚果云/CODE/project/liangqin-skill/skill/liangqin-pricing/reports/addenda/designer-manual-2026-03-22/pdf-block-review-2026-03-24/page-images/page-054.png,185,52,5,5,False,,
55,/Users/admin/Nutstore Files/我的坚果云/CODE/project/liangqin-skill/skill/liangqin-pricing/reports/addenda/designer-manual-2026-03-22/pdf-block-review-2026-03-24/page-images/page-055.png,473,117,6,3,False,,
56,/Users/admin/Nutstore Files/我的坚果云/CODE/project/liangqin-skill/skill/liangqin-pricing/reports/addenda/designer-manual-2026-03-22/pdf-block-review-2026-03-24/page-images/page-056.png,64,36,4,9,False,,
57,/Users/admin/Nutstore Files/我的坚果云/CODE/project/liangqin-skill/skill/liangqin-pricing/reports/addenda/designer-manual-2026-03-22/pdf-block-review-2026-03-24/page-images/page-057.png,86,63,4,7,False,,
58,/Users/admin/Nutstore Files/我的坚果云/CODE/project/liangqin-skill/skill/liangqin-pricing/reports/addenda/designer-manual-2026-03-22/pdf-block-review-2026-03-24/page-images/page-058.png,107,52,4,6,False,,
59,/Users/admin/Nutstore Files/我的坚果云/CODE/project/liangqin-skill/skill/liangqin-pricing/reports/addenda/designer-manual-2026-03-22/pdf-block-review-2026-03-24/page-images/page-059.png,325,106,15,6,False,,
60,/Users/admin/Nutstore Files/我的坚果云/CODE/project/liangqin-skill/skill/liangqin-pricing/reports/addenda/designer-manual-2026-03-22/pdf-block-review-2026-03-24/page-images/page-060.png,123,36,4,5,False,,
61,/Users/admin/Nutstore Files/我的坚果云/CODE/project/liangqin-skill/skill/liangqin-pricing/reports/addenda/designer-manual-2026-03-22/pdf-block-review-2026-03-24/page-images/page-061.png,138,49,6,5,False,,
62,/Users/admin/Nutstore Files/我的坚果云/CODE/project/liangqin-skill/skill/liangqin-pricing/reports/addenda/designer-manual-2026-03-22/pdf-block-review-2026-03-24/page-images/page-062.png,80,21,3,6,False,,
63,/Users/admin/Nutstore Files/我的坚果云/CODE/project/liangqin-skill/skill/liangqin-pricing/reports/addenda/designer-manual-2026-03-22/pdf-block-review-2026-03-24/page-images/page-063.png,40,22,5,12,False,,
64,/Users/admin/Nutstore Files/我的坚果云/CODE/project/liangqin-skill/skill/liangqin-pricing/reports/addenda/designer-manual-2026-03-22/pdf-block-review-2026-03-24/page-images/page-064.png,420,125,7,2,False,,
65,/Users/admin/Nutstore Files/我的坚果云/CODE/project/liangqin-skill/skill/liangqin-pricing/reports/addenda/designer-manual-2026-03-22/pdf-block-review-2026-03-24/page-images/page-065.png,74,45,5,6,False,,
66,/Users/admin/Nutstore Files/我的坚果云/CODE/project/liangqin-skill/skill/liangqin-pricing/reports/addenda/designer-manual-2026-03-22/pdf-block-review-2026-03-24/page-images/page-066.png,492,127,11,2,False,,
67,/Users/admin/Nutstore Files/我的坚果云/CODE/project/liangqin-skill/skill/liangqin-pricing/reports/addenda/designer-manual-2026-03-22/pdf-block-review-2026-03-24/page-images/page-067.png,256,76,9,3,False,,
68,/Users/admin/Nutstore Files/我的坚果云/CODE/project/liangqin-skill/skill/liangqin-pricing/reports/addenda/designer-manual-2026-03-22/pdf-block-review-2026-03-24/page-images/page-068.png,106,27,5,6,False,,
69,/Users/admin/Nutstore Files/我的坚果云/CODE/project/liangqin-skill/skill/liangqin-pricing/reports/addenda/designer-manual-2026-03-22/pdf-block-review-2026-03-24/page-images/page-069.png,123,46,6,9,False,,
70,/Users/admin/Nutstore Files/我的坚果云/CODE/project/liangqin-skill/skill/liangqin-pricing/reports/addenda/designer-manual-2026-03-22/pdf-block-review-2026-03-24/page-images/page-070.png,161,36,20,14,False,,
71,/Users/admin/Nutstore Files/我的坚果云/CODE/project/liangqin-skill/skill/liangqin-pricing/reports/addenda/designer-manual-2026-03-22/pdf-block-review-2026-03-24/page-images/page-071.png,152,45,6,6,False,,
72,/Users/admin/Nutstore Files/我的坚果云/CODE/project/liangqin-skill/skill/liangqin-pricing/reports/addenda/designer-manual-2026-03-22/pdf-block-review-2026-03-24/page-images/page-072.png,76,23,1,4,False,,
73,/Users/admin/Nutstore Files/我的坚果云/CODE/project/liangqin-skill/skill/liangqin-pricing/reports/addenda/designer-manual-2026-03-22/pdf-block-review-2026-03-24/page-images/page-073.png,255,63,9,6,False,,
74,/Users/admin/Nutstore Files/我的坚果云/CODE/project/liangqin-skill/skill/liangqin-pricing/reports/addenda/designer-manual-2026-03-22/pdf-block-review-2026-03-24/page-images/page-074.png,319,113,16,6,False,,
75,/Users/admin/Nutstore Files/我的坚果云/CODE/project/liangqin-skill/skill/liangqin-pricing/reports/addenda/designer-manual-2026-03-22/pdf-block-review-2026-03-24/page-images/page-075.png,323,99,5,5,False,,
76,/Users/admin/Nutstore Files/我的坚果云/CODE/project/liangqin-skill/skill/liangqin-pricing/reports/addenda/designer-manual-2026-03-22/pdf-block-review-2026-03-24/page-images/page-076.png,133,50,16,8,False,,
77,/Users/admin/Nutstore Files/我的坚果云/CODE/project/liangqin-skill/skill/liangqin-pricing/reports/addenda/designer-manual-2026-03-22/pdf-block-review-2026-03-24/page-images/page-077.png,411,94,33,4,False,,
78,/Users/admin/Nutstore Files/我的坚果云/CODE/project/liangqin-skill/skill/liangqin-pricing/reports/addenda/designer-manual-2026-03-22/pdf-block-review-2026-03-24/page-images/page-078.png,268,88,71,7,False,,
79,/Users/admin/Nutstore Files/我的坚果云/CODE/project/liangqin-skill/skill/liangqin-pricing/reports/addenda/designer-manual-2026-03-22/pdf-block-review-2026-03-24/page-images/page-079.png,78,104,26,21,False,,
80,/Users/admin/Nutstore Files/我的坚果云/CODE/project/liangqin-skill/skill/liangqin-pricing/reports/addenda/designer-manual-2026-03-22/pdf-block-review-2026-03-24/page-images/page-080.png,92,50,13,12,False,,
81,/Users/admin/Nutstore Files/我的坚果云/CODE/project/liangqin-skill/skill/liangqin-pricing/reports/addenda/designer-manual-2026-03-22/pdf-block-review-2026-03-24/page-images/page-081.png,134,80,43,8,False,,
82,/Users/admin/Nutstore Files/我的坚果云/CODE/project/liangqin-skill/skill/liangqin-pricing/reports/addenda/designer-manual-2026-03-22/pdf-block-review-2026-03-24/page-images/page-082.png,133,59,19,7,False,,
83,/Users/admin/Nutstore Files/我的坚果云/CODE/project/liangqin-skill/skill/liangqin-pricing/reports/addenda/designer-manual-2026-03-22/pdf-block-review-2026-03-24/page-images/page-083.png,142,44,8,5,False,,
84,/Users/admin/Nutstore Files/我的坚果云/CODE/project/liangqin-skill/skill/liangqin-pricing/reports/addenda/designer-manual-2026-03-22/pdf-block-review-2026-03-24/page-images/page-084.png,170,62,8,6,False,,
85,/Users/admin/Nutstore Files/我的坚果云/CODE/project/liangqin-skill/skill/liangqin-pricing/reports/addenda/designer-manual-2026-03-22/pdf-block-review-2026-03-24/page-images/page-085.png,135,87,7,4,False,,
86,/Users/admin/Nutstore Files/我的坚果云/CODE/project/liangqin-skill/skill/liangqin-pricing/reports/addenda/designer-manual-2026-03-22/pdf-block-review-2026-03-24/page-images/page-086.png,73,9,4,3,False,,
87,/Users/admin/Nutstore Files/我的坚果云/CODE/project/liangqin-skill/skill/liangqin-pricing/reports/addenda/designer-manual-2026-03-22/pdf-block-review-2026-03-24/page-images/page-087.png,136,71,9,7,False,,
88,/Users/admin/Nutstore Files/我的坚果云/CODE/project/liangqin-skill/skill/liangqin-pricing/reports/addenda/designer-manual-2026-03-22/pdf-block-review-2026-03-24/page-images/page-088.png,127,90,21,6,False,,
89,/Users/admin/Nutstore Files/我的坚果云/CODE/project/liangqin-skill/skill/liangqin-pricing/reports/addenda/designer-manual-2026-03-22/pdf-block-review-2026-03-24/page-images/page-089.png,93,50,5,6,False,,
90,/Users/admin/Nutstore Files/我的坚果云/CODE/project/liangqin-skill/skill/liangqin-pricing/reports/addenda/designer-manual-2026-03-22/pdf-block-review-2026-03-24/page-images/page-090.png,261,86,20,10,False,,
91,/Users/admin/Nutstore Files/我的坚果云/CODE/project/liangqin-skill/skill/liangqin-pricing/reports/addenda/designer-manual-2026-03-22/pdf-block-review-2026-03-24/page-images/page-091.png,161,44,7,8,False,,
92,/Users/admin/Nutstore Files/我的坚果云/CODE/project/liangqin-skill/skill/liangqin-pricing/reports/addenda/designer-manual-2026-03-22/pdf-block-review-2026-03-24/page-images/page-092.png,120,60,12,11,False,,
93,/Users/admin/Nutstore Files/我的坚果云/CODE/project/liangqin-skill/skill/liangqin-pricing/reports/addenda/designer-manual-2026-03-22/pdf-block-review-2026-03-24/page-images/page-093.png,71,42,4,3,False,,
94,/Users/admin/Nutstore Files/我的坚果云/CODE/project/liangqin-skill/skill/liangqin-pricing/reports/addenda/designer-manual-2026-03-22/pdf-block-review-2026-03-24/page-images/page-094.png,256,106,17,12,False,,
95,/Users/admin/Nutstore Files/我的坚果云/CODE/project/liangqin-skill/skill/liangqin-pricing/reports/addenda/designer-manual-2026-03-22/pdf-block-review-2026-03-24/page-images/page-095.png,42,48,3,4,False,,
96,/Users/admin/Nutstore Files/我的坚果云/CODE/project/liangqin-skill/skill/liangqin-pricing/reports/addenda/designer-manual-2026-03-22/pdf-block-review-2026-03-24/page-images/page-096.png,286,125,10,8,False,,
97,/Users/admin/Nutstore Files/我的坚果云/CODE/project/liangqin-skill/skill/liangqin-pricing/reports/addenda/designer-manual-2026-03-22/pdf-block-review-2026-03-24/page-images/page-097.png,277,106,15,5,False,,
98,/Users/admin/Nutstore Files/我的坚果云/CODE/project/liangqin-skill/skill/liangqin-pricing/reports/addenda/designer-manual-2026-03-22/pdf-block-review-2026-03-24/page-images/page-098.png,143,61,13,13,False,,
99,/Users/admin/Nutstore Files/我的坚果云/CODE/project/liangqin-skill/skill/liangqin-pricing/reports/addenda/designer-manual-2026-03-22/pdf-block-review-2026-03-24/page-images/page-099.png,179,53,8,5,False,,
100,/Users/admin/Nutstore Files/我的坚果云/CODE/project/liangqin-skill/skill/liangqin-pricing/reports/addenda/designer-manual-2026-03-22/pdf-block-review-2026-03-24/page-images/page-100.png,233,79,7,8,False,,
101,/Users/admin/Nutstore Files/我的坚果云/CODE/project/liangqin-skill/skill/liangqin-pricing/reports/addenda/designer-manual-2026-03-22/pdf-block-review-2026-03-24/page-images/page-101.png,313,99,10,4,False,,
102,/Users/admin/Nutstore Files/我的坚果云/CODE/project/liangqin-skill/skill/liangqin-pricing/reports/addenda/designer-manual-2026-03-22/pdf-block-review-2026-03-24/page-images/page-102.png,91,60,12,5,False,,
103,/Users/admin/Nutstore Files/我的坚果云/CODE/project/liangqin-skill/skill/liangqin-pricing/reports/addenda/designer-manual-2026-03-22/pdf-block-review-2026-03-24/page-images/page-103.png,234,88,13,11,False,,
104,/Users/admin/Nutstore Files/我的坚果云/CODE/project/liangqin-skill/skill/liangqin-pricing/reports/addenda/designer-manual-2026-03-22/pdf-block-review-2026-03-24/page-images/page-104.png,151,97,34,4,False,,
105,/Users/admin/Nutstore Files/我的坚果云/CODE/project/liangqin-skill/skill/liangqin-pricing/reports/addenda/designer-manual-2026-03-22/pdf-block-review-2026-03-24/page-images/page-105.png,213,59,7,4,False,,
106,/Users/admin/Nutstore Files/我的坚果云/CODE/project/liangqin-skill/skill/liangqin-pricing/reports/addenda/designer-manual-2026-03-22/pdf-block-review-2026-03-24/page-images/page-106.png,158,75,12,13,False,,
107,/Users/admin/Nutstore Files/我的坚果云/CODE/project/liangqin-skill/skill/liangqin-pricing/reports/addenda/designer-manual-2026-03-22/pdf-block-review-2026-03-24/page-images/page-107.png,292,127,14,8,False,,
108,/Users/admin/Nutstore Files/我的坚果云/CODE/project/liangqin-skill/skill/liangqin-pricing/reports/addenda/designer-manual-2026-03-22/pdf-block-review-2026-03-24/page-images/page-108.png,133,57,16,8,False,,
109,/Users/admin/Nutstore Files/我的坚果云/CODE/project/liangqin-skill/skill/liangqin-pricing/reports/addenda/designer-manual-2026-03-22/pdf-block-review-2026-03-24/page-images/page-109.png,119,41,9,4,False,,
110,/Users/admin/Nutstore Files/我的坚果云/CODE/project/liangqin-skill/skill/liangqin-pricing/reports/addenda/designer-manual-2026-03-22/pdf-block-review-2026-03-24/page-images/page-110.png,190,52,10,5,False,,
111,/Users/admin/Nutstore Files/我的坚果云/CODE/project/liangqin-skill/skill/liangqin-pricing/reports/addenda/designer-manual-2026-03-22/pdf-block-review-2026-03-24/page-images/page-111.png,485,166,16,3,False,,
112,/Users/admin/Nutstore Files/我的坚果云/CODE/project/liangqin-skill/skill/liangqin-pricing/reports/addenda/designer-manual-2026-03-22/pdf-block-review-2026-03-24/page-images/page-112.png,123,33,7,4,False,,
113,/Users/admin/Nutstore Files/我的坚果云/CODE/project/liangqin-skill/skill/liangqin-pricing/reports/addenda/designer-manual-2026-03-22/pdf-block-review-2026-03-24/page-images/page-113.png,250,84,21,9,False,,
114,/Users/admin/Nutstore Files/我的坚果云/CODE/project/liangqin-skill/skill/liangqin-pricing/reports/addenda/designer-manual-2026-03-22/pdf-block-review-2026-03-24/page-images/page-114.png,160,40,2,3,False,,
115,/Users/admin/Nutstore Files/我的坚果云/CODE/project/liangqin-skill/skill/liangqin-pricing/reports/addenda/designer-manual-2026-03-22/pdf-block-review-2026-03-24/page-images/page-115.png,340,95,8,5,False,,
116,/Users/admin/Nutstore Files/我的坚果云/CODE/project/liangqin-skill/skill/liangqin-pricing/reports/addenda/designer-manual-2026-03-22/pdf-block-review-2026-03-24/page-images/page-116.png,457,161,28,4,False,,
117,/Users/admin/Nutstore Files/我的坚果云/CODE/project/liangqin-skill/skill/liangqin-pricing/reports/addenda/designer-manual-2026-03-22/pdf-block-review-2026-03-24/page-images/page-117.png,151,80,13,12,False,,
118,/Users/admin/Nutstore Files/我的坚果云/CODE/project/liangqin-skill/skill/liangqin-pricing/reports/addenda/designer-manual-2026-03-22/pdf-block-review-2026-03-24/page-images/page-118.png,136,69,10,17,False,,
119,/Users/admin/Nutstore Files/我的坚果云/CODE/project/liangqin-skill/skill/liangqin-pricing/reports/addenda/designer-manual-2026-03-22/pdf-block-review-2026-03-24/page-images/page-119.png,135,56,24,9,False,,
120,/Users/admin/Nutstore Files/我的坚果云/CODE/project/liangqin-skill/skill/liangqin-pricing/reports/addenda/designer-manual-2026-03-22/pdf-block-review-2026-03-24/page-images/page-120.png,39,33,3,7,False,,
121,/Users/admin/Nutstore Files/我的坚果云/CODE/project/liangqin-skill/skill/liangqin-pricing/reports/addenda/designer-manual-2026-03-22/pdf-block-review-2026-03-24/page-images/page-121.png,194,42,6,6,False,,
122,/Users/admin/Nutstore Files/我的坚果云/CODE/project/liangqin-skill/skill/liangqin-pricing/reports/addenda/designer-manual-2026-03-22/pdf-block-review-2026-03-24/page-images/page-122.png,114,30,5,3,False,,
123,/Users/admin/Nutstore Files/我的坚果云/CODE/project/liangqin-skill/skill/liangqin-pricing/reports/addenda/designer-manual-2026-03-22/pdf-block-review-2026-03-24/page-images/page-123.png,170,53,11,8,False,,
124,/Users/admin/Nutstore Files/我的坚果云/CODE/project/liangqin-skill/skill/liangqin-pricing/reports/addenda/designer-manual-2026-03-22/pdf-block-review-2026-03-24/page-images/page-124.png,147,41,10,7,False,,
125,/Users/admin/Nutstore Files/我的坚果云/CODE/project/liangqin-skill/skill/liangqin-pricing/reports/addenda/designer-manual-2026-03-22/pdf-block-review-2026-03-24/page-images/page-125.png,337,139,12,4,False,,
126,/Users/admin/Nutstore Files/我的坚果云/CODE/project/liangqin-skill/skill/liangqin-pricing/reports/addenda/designer-manual-2026-03-22/pdf-block-review-2026-03-24/page-images/page-126.png,285,97,6,15,False,,
127,/Users/admin/Nutstore Files/我的坚果云/CODE/project/liangqin-skill/skill/liangqin-pricing/reports/addenda/designer-manual-2026-03-22/pdf-block-review-2026-03-24/page-images/page-127.png,445,89,47,4,False,,
128,/Users/admin/Nutstore Files/我的坚果云/CODE/project/liangqin-skill/skill/liangqin-pricing/reports/addenda/designer-manual-2026-03-22/pdf-block-review-2026-03-24/page-images/page-128.png,143,65,33,7,False,,
129,/Users/admin/Nutstore Files/我的坚果云/CODE/project/liangqin-skill/skill/liangqin-pricing/reports/addenda/designer-manual-2026-03-22/pdf-block-review-2026-03-24/page-images/page-129.png,176,53,7,7,False,,
130,/Users/admin/Nutstore Files/我的坚果云/CODE/project/liangqin-skill/skill/liangqin-pricing/reports/addenda/designer-manual-2026-03-22/pdf-block-review-2026-03-24/page-images/page-130.png,264,101,18,6,False,,
131,/Users/admin/Nutstore Files/我的坚果云/CODE/project/liangqin-skill/skill/liangqin-pricing/reports/addenda/designer-manual-2026-03-22/pdf-block-review-2026-03-24/page-images/page-131.png,210,79,13,9,False,,
132,/Users/admin/Nutstore Files/我的坚果云/CODE/project/liangqin-skill/skill/liangqin-pricing/reports/addenda/designer-manual-2026-03-22/pdf-block-review-2026-03-24/page-images/page-132.png,98,10,9,5,False,,
133,/Users/admin/Nutstore Files/我的坚果云/CODE/project/liangqin-skill/skill/liangqin-pricing/reports/addenda/designer-manual-2026-03-22/pdf-block-review-2026-03-24/page-images/page-133.png,72,39,7,15,False,,
134,/Users/admin/Nutstore Files/我的坚果云/CODE/project/liangqin-skill/skill/liangqin-pricing/reports/addenda/designer-manual-2026-03-22/pdf-block-review-2026-03-24/page-images/page-134.png,41,20,3,8,False,,
135,/Users/admin/Nutstore Files/我的坚果云/CODE/project/liangqin-skill/skill/liangqin-pricing/reports/addenda/designer-manual-2026-03-22/pdf-block-review-2026-03-24/page-images/page-135.png,358,117,17,8,False,,
136,/Users/admin/Nutstore Files/我的坚果云/CODE/project/liangqin-skill/skill/liangqin-pricing/reports/addenda/designer-manual-2026-03-22/pdf-block-review-2026-03-24/page-images/page-136.png,409,157,26,6,False,,
137,/Users/admin/Nutstore Files/我的坚果云/CODE/project/liangqin-skill/skill/liangqin-pricing/reports/addenda/designer-manual-2026-03-22/pdf-block-review-2026-03-24/page-images/page-137.png,239,80,15,10,False,,
138,/Users/admin/Nutstore Files/我的坚果云/CODE/project/liangqin-skill/skill/liangqin-pricing/reports/addenda/designer-manual-2026-03-22/pdf-block-review-2026-03-24/page-images/page-138.png,210,83,20,10,False,,
139,/Users/admin/Nutstore Files/我的坚果云/CODE/project/liangqin-skill/skill/liangqin-pricing/reports/addenda/designer-manual-2026-03-22/pdf-block-review-2026-03-24/page-images/page-139.png,18,14,2,3,False,,
140,/Users/admin/Nutstore Files/我的坚果云/CODE/project/liangqin-skill/skill/liangqin-pricing/reports/addenda/designer-manual-2026-03-22/pdf-block-review-2026-03-24/page-images/page-140.png,43,54,5,13,False,,
141,/Users/admin/Nutstore Files/我的坚果云/CODE/project/liangqin-skill/skill/liangqin-pricing/reports/addenda/designer-manual-2026-03-22/pdf-block-review-2026-03-24/page-images/page-141.png,161,66,10,8,False,,
142,/Users/admin/Nutstore Files/我的坚果云/CODE/project/liangqin-skill/skill/liangqin-pricing/reports/addenda/designer-manual-2026-03-22/pdf-block-review-2026-03-24/page-images/page-142.png,265,84,19,10,False,,
143,/Users/admin/Nutstore Files/我的坚果云/CODE/project/liangqin-skill/skill/liangqin-pricing/reports/addenda/designer-manual-2026-03-22/pdf-block-review-2026-03-24/page-images/page-143.png,116,70,10,6,False,,
144,/Users/admin/Nutstore Files/我的坚果云/CODE/project/liangqin-skill/skill/liangqin-pricing/reports/addenda/designer-manual-2026-03-22/pdf-block-review-2026-03-24/page-images/page-144.png,235,96,19,5,False,,
145,/Users/admin/Nutstore Files/我的坚果云/CODE/project/liangqin-skill/skill/liangqin-pricing/reports/addenda/designer-manual-2026-03-22/pdf-block-review-2026-03-24/page-images/page-145.png,21,21,28,11,False,,
146,/Users/admin/Nutstore Files/我的坚果云/CODE/project/liangqin-skill/skill/liangqin-pricing/reports/addenda/designer-manual-2026-03-22/pdf-block-review-2026-03-24/page-images/page-146.png,194,48,8,3,False,,
147,/Users/admin/Nutstore Files/我的坚果云/CODE/project/liangqin-skill/skill/liangqin-pricing/reports/addenda/designer-manual-2026-03-22/pdf-block-review-2026-03-24/page-images/page-147.png,12,10,2,9,False,,
148,/Users/admin/Nutstore Files/我的坚果云/CODE/project/liangqin-skill/skill/liangqin-pricing/reports/addenda/designer-manual-2026-03-22/pdf-block-review-2026-03-24/page-images/page-148.png,394,106,13,1,False,,
149,/Users/admin/Nutstore Files/我的坚果云/CODE/project/liangqin-skill/skill/liangqin-pricing/reports/addenda/designer-manual-2026-03-22/pdf-block-review-2026-03-24/page-images/page-149.png,158,83,8,9,False,,
150,/Users/admin/Nutstore Files/我的坚果云/CODE/project/liangqin-skill/skill/liangqin-pricing/reports/addenda/designer-manual-2026-03-22/pdf-block-review-2026-03-24/page-images/page-150.png,56,54,8,11,False,,
151,/Users/admin/Nutstore Files/我的坚果云/CODE/project/liangqin-skill/skill/liangqin-pricing/reports/addenda/designer-manual-2026-03-22/pdf-block-review-2026-03-24/page-images/page-151.png,84,22,4,9,False,,
152,/Users/admin/Nutstore Files/我的坚果云/CODE/project/liangqin-skill/skill/liangqin-pricing/reports/addenda/designer-manual-2026-03-22/pdf-block-review-2026-03-24/page-images/page-152.png,15,12,6,4,False,,
153,/Users/admin/Nutstore Files/我的坚果云/CODE/project/liangqin-skill/skill/liangqin-pricing/reports/addenda/designer-manual-2026-03-22/pdf-block-review-2026-03-24/page-images/page-153.png,48,18,8,6,False,,
154,/Users/admin/Nutstore Files/我的坚果云/CODE/project/liangqin-skill/skill/liangqin-pricing/reports/addenda/designer-manual-2026-03-22/pdf-block-review-2026-03-24/page-images/page-154.png,208,67,10,7,False,,
155,/Users/admin/Nutstore Files/我的坚果云/CODE/project/liangqin-skill/skill/liangqin-pricing/reports/addenda/designer-manual-2026-03-22/pdf-block-review-2026-03-24/page-images/page-155.png,120,44,2,9,False,,
156,/Users/admin/Nutstore Files/我的坚果云/CODE/project/liangqin-skill/skill/liangqin-pricing/reports/addenda/designer-manual-2026-03-22/pdf-block-review-2026-03-24/page-images/page-156.png,263,80,11,4,False,,
157,/Users/admin/Nutstore Files/我的坚果云/CODE/project/liangqin-skill/skill/liangqin-pricing/reports/addenda/designer-manual-2026-03-22/pdf-block-review-2026-03-24/page-images/page-157.png,175,55,13,6,False,,
158,/Users/admin/Nutstore Files/我的坚果云/CODE/project/liangqin-skill/skill/liangqin-pricing/reports/addenda/designer-manual-2026-03-22/pdf-block-review-2026-03-24/page-images/page-158.png,265,70,11,2,False,,
159,/Users/admin/Nutstore Files/我的坚果云/CODE/project/liangqin-skill/skill/liangqin-pricing/reports/addenda/designer-manual-2026-03-22/pdf-block-review-2026-03-24/page-images/page-159.png,287,90,15,6,False,,
160,/Users/admin/Nutstore Files/我的坚果云/CODE/project/liangqin-skill/skill/liangqin-pricing/reports/addenda/designer-manual-2026-03-22/pdf-block-review-2026-03-24/page-images/page-160.png,310,59,24,7,False,,
161,/Users/admin/Nutstore Files/我的坚果云/CODE/project/liangqin-skill/skill/liangqin-pricing/reports/addenda/designer-manual-2026-03-22/pdf-block-review-2026-03-24/page-images/page-161.png,194,86,18,9,False,,
162,/Users/admin/Nutstore Files/我的坚果云/CODE/project/liangqin-skill/skill/liangqin-pricing/reports/addenda/designer-manual-2026-03-22/pdf-block-review-2026-03-24/page-images/page-162.png,199,85,11,8,False,,
163,/Users/admin/Nutstore Files/我的坚果云/CODE/project/liangqin-skill/skill/liangqin-pricing/reports/addenda/designer-manual-2026-03-22/pdf-block-review-2026-03-24/page-images/page-163.png,405,130,20,11,False,,
164,/Users/admin/Nutstore Files/我的坚果云/CODE/project/liangqin-skill/skill/liangqin-pricing/reports/addenda/designer-manual-2026-03-22/pdf-block-review-2026-03-24/page-images/page-164.png,131,65,11,6,False,,
165,/Users/admin/Nutstore Files/我的坚果云/CODE/project/liangqin-skill/skill/liangqin-pricing/reports/addenda/designer-manual-2026-03-22/pdf-block-review-2026-03-24/page-images/page-165.png,273,93,9,4,False,,
166,/Users/admin/Nutstore Files/我的坚果云/CODE/project/liangqin-skill/skill/liangqin-pricing/reports/addenda/designer-manual-2026-03-22/pdf-block-review-2026-03-24/page-images/page-166.png,99,53,5,6,False,,
167,/Users/admin/Nutstore Files/我的坚果云/CODE/project/liangqin-skill/skill/liangqin-pricing/reports/addenda/designer-manual-2026-03-22/pdf-block-review-2026-03-24/page-images/page-167.png,116,38,8,8,False,,
168,/Users/admin/Nutstore Files/我的坚果云/CODE/project/liangqin-skill/skill/liangqin-pricing/reports/addenda/designer-manual-2026-03-22/pdf-block-review-2026-03-24/page-images/page-168.png,211,67,6,2,False,,
169,/Users/admin/Nutstore Files/我的坚果云/CODE/project/liangqin-skill/skill/liangqin-pricing/reports/addenda/designer-manual-2026-03-22/pdf-block-review-2026-03-24/page-images/page-169.png,178,87,17,8,False,,
170,/Users/admin/Nutstore Files/我的坚果云/CODE/project/liangqin-skill/skill/liangqin-pricing/reports/addenda/designer-manual-2026-03-22/pdf-block-review-2026-03-24/page-images/page-170.png,244,85,15,6,False,,
171,/Users/admin/Nutstore Files/我的坚果云/CODE/project/liangqin-skill/skill/liangqin-pricing/reports/addenda/designer-manual-2026-03-22/pdf-block-review-2026-03-24/page-images/page-171.png,196,41,7,4,False,,
172,/Users/admin/Nutstore Files/我的坚果云/CODE/project/liangqin-skill/skill/liangqin-pricing/reports/addenda/designer-manual-2026-03-22/pdf-block-review-2026-03-24/page-images/page-172.png,150,52,12,6,False,,
173,/Users/admin/Nutstore Files/我的坚果云/CODE/project/liangqin-skill/skill/liangqin-pricing/reports/addenda/designer-manual-2026-03-22/pdf-block-review-2026-03-24/page-images/page-173.png,210,57,8,6,False,,
174,/Users/admin/Nutstore Files/我的坚果云/CODE/project/liangqin-skill/skill/liangqin-pricing/reports/addenda/designer-manual-2026-03-22/pdf-block-review-2026-03-24/page-images/page-174.png,166,35,19,6,False,,
175,/Users/admin/Nutstore Files/我的坚果云/CODE/project/liangqin-skill/skill/liangqin-pricing/reports/addenda/designer-manual-2026-03-22/pdf-block-review-2026-03-24/page-images/page-175.png,16,6,2,3,False,,
176,/Users/admin/Nutstore Files/我的坚果云/CODE/project/liangqin-skill/skill/liangqin-pricing/reports/addenda/designer-manual-2026-03-22/pdf-block-review-2026-03-24/page-images/page-176.png,95,31,7,7,False,,
177,/Users/admin/Nutstore Files/我的坚果云/CODE/project/liangqin-skill/skill/liangqin-pricing/reports/addenda/designer-manual-2026-03-22/pdf-block-review-2026-03-24/page-images/page-177.png,227,72,10,9,False,,
178,/Users/admin/Nutstore Files/我的坚果云/CODE/project/liangqin-skill/skill/liangqin-pricing/reports/addenda/designer-manual-2026-03-22/pdf-block-review-2026-03-24/page-images/page-178.png,159,77,1,4,False,,
179,/Users/admin/Nutstore Files/我的坚果云/CODE/project/liangqin-skill/skill/liangqin-pricing/reports/addenda/designer-manual-2026-03-22/pdf-block-review-2026-03-24/page-images/page-179.png,88,64,25,10,False,,
180,/Users/admin/Nutstore Files/我的坚果云/CODE/project/liangqin-skill/skill/liangqin-pricing/reports/addenda/designer-manual-2026-03-22/pdf-block-review-2026-03-24/page-images/page-180.png,82,32,10,8,False,,
181,/Users/admin/Nutstore Files/我的坚果云/CODE/project/liangqin-skill/skill/liangqin-pricing/reports/addenda/designer-manual-2026-03-22/pdf-block-review-2026-03-24/page-images/page-181.png,298,73,9,2,False,,
182,/Users/admin/Nutstore Files/我的坚果云/CODE/project/liangqin-skill/skill/liangqin-pricing/reports/addenda/designer-manual-2026-03-22/pdf-block-review-2026-03-24/page-images/page-182.png,272,73,13,2,False,,
183,/Users/admin/Nutstore Files/我的坚果云/CODE/project/liangqin-skill/skill/liangqin-pricing/reports/addenda/designer-manual-2026-03-22/pdf-block-review-2026-03-24/page-images/page-183.png,429,161,21,4,False,,
184,/Users/admin/Nutstore Files/我的坚果云/CODE/project/liangqin-skill/skill/liangqin-pricing/reports/addenda/designer-manual-2026-03-22/pdf-block-review-2026-03-24/page-images/page-184.png,306,94,10,5,False,,
185,/Users/admin/Nutstore Files/我的坚果云/CODE/project/liangqin-skill/skill/liangqin-pricing/reports/addenda/designer-manual-2026-03-22/pdf-block-review-2026-03-24/page-images/page-185.png,305,62,14,3,False,,
186,/Users/admin/Nutstore Files/我的坚果云/CODE/project/liangqin-skill/skill/liangqin-pricing/reports/addenda/designer-manual-2026-03-22/pdf-block-review-2026-03-24/page-images/page-186.png,225,68,13,2,False,,
187,/Users/admin/Nutstore Files/我的坚果云/CODE/project/liangqin-skill/skill/liangqin-pricing/reports/addenda/designer-manual-2026-03-22/pdf-block-review-2026-03-24/page-images/page-187.png,162,50,8,3,False,,
188,/Users/admin/Nutstore Files/我的坚果云/CODE/project/liangqin-skill/skill/liangqin-pricing/reports/addenda/designer-manual-2026-03-22/pdf-block-review-2026-03-24/page-images/page-188.png,136,51,12,8,False,,
189,/Users/admin/Nutstore Files/我的坚果云/CODE/project/liangqin-skill/skill/liangqin-pricing/reports/addenda/designer-manual-2026-03-22/pdf-block-review-2026-03-24/page-images/page-189.png,5,23,1,3,False,,
190,/Users/admin/Nutstore Files/我的坚果云/CODE/project/liangqin-skill/skill/liangqin-pricing/reports/addenda/designer-manual-2026-03-22/pdf-block-review-2026-03-24/page-images/page-190.png,150,104,0,8,False,,
191,/Users/admin/Nutstore Files/我的坚果云/CODE/project/liangqin-skill/skill/liangqin-pricing/reports/addenda/designer-manual-2026-03-22/pdf-block-review-2026-03-24/page-images/page-191.png,91,28,12,14,False,,
192,/Users/admin/Nutstore Files/我的坚果云/CODE/project/liangqin-skill/skill/liangqin-pricing/reports/addenda/designer-manual-2026-03-22/pdf-block-review-2026-03-24/page-images/page-192.png,94,35,10,11,False,,
193,/Users/admin/Nutstore Files/我的坚果云/CODE/project/liangqin-skill/skill/liangqin-pricing/reports/addenda/designer-manual-2026-03-22/pdf-block-review-2026-03-24/page-images/page-193.png,54,12,9,9,False,,
194,/Users/admin/Nutstore Files/我的坚果云/CODE/project/liangqin-skill/skill/liangqin-pricing/reports/addenda/designer-manual-2026-03-22/pdf-block-review-2026-03-24/page-images/page-194.png,293,113,9,2,False,,
195,/Users/admin/Nutstore Files/我的坚果云/CODE/project/liangqin-skill/skill/liangqin-pricing/reports/addenda/designer-manual-2026-03-22/pdf-block-review-2026-03-24/page-images/page-195.png,502,150,23,3,False,,
196,/Users/admin/Nutstore Files/我的坚果云/CODE/project/liangqin-skill/skill/liangqin-pricing/reports/addenda/designer-manual-2026-03-22/pdf-block-review-2026-03-24/page-images/page-196.png,367,101,22,8,False,,
197,/Users/admin/Nutstore Files/我的坚果云/CODE/project/liangqin-skill/skill/liangqin-pricing/reports/addenda/designer-manual-2026-03-22/pdf-block-review-2026-03-24/page-images/page-197.png,157,38,10,4,False,,
198,/Users/admin/Nutstore Files/我的坚果云/CODE/project/liangqin-skill/skill/liangqin-pricing/reports/addenda/designer-manual-2026-03-22/pdf-block-review-2026-03-24/page-images/page-198.png,386,109,12,2,False,,
199,/Users/admin/Nutstore Files/我的坚果云/CODE/project/liangqin-skill/skill/liangqin-pricing/reports/addenda/designer-manual-2026-03-22/pdf-block-review-2026-03-24/page-images/page-199.png,48,19,9,5,False,,
200,/Users/admin/Nutstore Files/我的坚果云/CODE/project/liangqin-skill/skill/liangqin-pricing/reports/addenda/designer-manual-2026-03-22/pdf-block-review-2026-03-24/page-images/page-200.png,192,61,3,5,False,,
201,/Users/admin/Nutstore Files/我的坚果云/CODE/project/liangqin-skill/skill/liangqin-pricing/reports/addenda/designer-manual-2026-03-22/pdf-block-review-2026-03-24/page-images/page-201.png,432,153,9,2,False,,
202,/Users/admin/Nutstore Files/我的坚果云/CODE/project/liangqin-skill/skill/liangqin-pricing/reports/addenda/designer-manual-2026-03-22/pdf-block-review-2026-03-24/page-images/page-202.png,174,48,34,19,False,,
203,/Users/admin/Nutstore Files/我的坚果云/CODE/project/liangqin-skill/skill/liangqin-pricing/reports/addenda/designer-manual-2026-03-22/pdf-block-review-2026-03-24/page-images/page-203.png,53,16,8,8,False,,
204,/Users/admin/Nutstore Files/我的坚果云/CODE/project/liangqin-skill/skill/liangqin-pricing/reports/addenda/designer-manual-2026-03-22/pdf-block-review-2026-03-24/page-images/page-204.png,136,38,31,12,False,,
205,/Users/admin/Nutstore Files/我的坚果云/CODE/project/liangqin-skill/skill/liangqin-pricing/reports/addenda/designer-manual-2026-03-22/pdf-block-review-2026-03-24/page-images/page-205.png,165,55,40,3,False,,
206,/Users/admin/Nutstore Files/我的坚果云/CODE/project/liangqin-skill/skill/liangqin-pricing/reports/addenda/designer-manual-2026-03-22/pdf-block-review-2026-03-24/page-images/page-206.png,54,19,8,7,False,,
207,/Users/admin/Nutstore Files/我的坚果云/CODE/project/liangqin-skill/skill/liangqin-pricing/reports/addenda/designer-manual-2026-03-22/pdf-block-review-2026-03-24/page-images/page-207.png,116,34,21,13,False,,
208,/Users/admin/Nutstore Files/我的坚果云/CODE/project/liangqin-skill/skill/liangqin-pricing/reports/addenda/designer-manual-2026-03-22/pdf-block-review-2026-03-24/page-images/page-208.png,81,27,14,14,False,,
209,/Users/admin/Nutstore Files/我的坚果云/CODE/project/liangqin-skill/skill/liangqin-pricing/reports/addenda/designer-manual-2026-03-22/pdf-block-review-2026-03-24/page-images/page-209.png,108,26,16,14,False,,
210,/Users/admin/Nutstore Files/我的坚果云/CODE/project/liangqin-skill/skill/liangqin-pricing/reports/addenda/designer-manual-2026-03-22/pdf-block-review-2026-03-24/page-images/page-210.png,368,123,18,6,False,,
211,/Users/admin/Nutstore Files/我的坚果云/CODE/project/liangqin-skill/skill/liangqin-pricing/reports/addenda/designer-manual-2026-03-22/pdf-block-review-2026-03-24/page-images/page-211.png,203,78,16,10,False,,
212,/Users/admin/Nutstore Files/我的坚果云/CODE/project/liangqin-skill/skill/liangqin-pricing/reports/addenda/designer-manual-2026-03-22/pdf-block-review-2026-03-24/page-images/page-212.png,144,52,10,7,False,,
213,/Users/admin/Nutstore Files/我的坚果云/CODE/project/liangqin-skill/skill/liangqin-pricing/reports/addenda/designer-manual-2026-03-22/pdf-block-review-2026-03-24/page-images/page-213.png,4,140,1,6,False,,
214,/Users/admin/Nutstore Files/我的坚果云/CODE/project/liangqin-skill/skill/liangqin-pricing/reports/addenda/designer-manual-2026-03-22/pdf-block-review-2026-03-24/page-images/page-214.png,4,118,1,11,False,,
215,/Users/admin/Nutstore Files/我的坚果云/CODE/project/liangqin-skill/skill/liangqin-pricing/reports/addenda/designer-manual-2026-03-22/pdf-block-review-2026-03-24/page-images/page-215.png,0,43,0,14,False,,
216,/Users/admin/Nutstore Files/我的坚果云/CODE/project/liangqin-skill/skill/liangqin-pricing/reports/addenda/designer-manual-2026-03-22/pdf-block-review-2026-03-24/page-images/page-216.png,98,36,9,9,False,,
217,/Users/admin/Nutstore Files/我的坚果云/CODE/project/liangqin-skill/skill/liangqin-pricing/reports/addenda/designer-manual-2026-03-22/pdf-block-review-2026-03-24/page-images/page-217.png,413,137,13,7,False,,
218,/Users/admin/Nutstore Files/我的坚果云/CODE/project/liangqin-skill/skill/liangqin-pricing/reports/addenda/designer-manual-2026-03-22/pdf-block-review-2026-03-24/page-images/page-218.png,97,32,4,5,False,,
219,/Users/admin/Nutstore Files/我的坚果云/CODE/project/liangqin-skill/skill/liangqin-pricing/reports/addenda/designer-manual-2026-03-22/pdf-block-review-2026-03-24/page-images/page-219.png,302,88,9,3,False,,
220,/Users/admin/Nutstore Files/我的坚果云/CODE/project/liangqin-skill/skill/liangqin-pricing/reports/addenda/designer-manual-2026-03-22/pdf-block-review-2026-03-24/page-images/page-220.png,341,127,10,7,False,,
221,/Users/admin/Nutstore Files/我的坚果云/CODE/project/liangqin-skill/skill/liangqin-pricing/reports/addenda/designer-manual-2026-03-22/pdf-block-review-2026-03-24/page-images/page-221.png,212,69,13,2,False,,
222,/Users/admin/Nutstore Files/我的坚果云/CODE/project/liangqin-skill/skill/liangqin-pricing/reports/addenda/designer-manual-2026-03-22/pdf-block-review-2026-03-24/page-images/page-222.png,651,155,15,1,False,,
223,/Users/admin/Nutstore Files/我的坚果云/CODE/project/liangqin-skill/skill/liangqin-pricing/reports/addenda/designer-manual-2026-03-22/pdf-block-review-2026-03-24/page-images/page-223.png,187,43,9,1,False,,
224,/Users/admin/Nutstore Files/我的坚果云/CODE/project/liangqin-skill/skill/liangqin-pricing/reports/addenda/designer-manual-2026-03-22/pdf-block-review-2026-03-24/page-images/page-224.png,211,63,11,1,False,,
225,/Users/admin/Nutstore Files/我的坚果云/CODE/project/liangqin-skill/skill/liangqin-pricing/reports/addenda/designer-manual-2026-03-22/pdf-block-review-2026-03-24/page-images/page-225.png,358,95,10,3,False,,
226,/Users/admin/Nutstore Files/我的坚果云/CODE/project/liangqin-skill/skill/liangqin-pricing/reports/addenda/designer-manual-2026-03-22/pdf-block-review-2026-03-24/page-images/page-226.png,21,6,3,6,False,,
227,/Users/admin/Nutstore Files/我的坚果云/CODE/project/liangqin-skill/skill/liangqin-pricing/reports/addenda/designer-manual-2026-03-22/pdf-block-review-2026-03-24/page-images/page-227.png,524,118,39,2,False,,
228,/Users/admin/Nutstore Files/我的坚果云/CODE/project/liangqin-skill/skill/liangqin-pricing/reports/addenda/designer-manual-2026-03-22/pdf-block-review-2026-03-24/page-images/page-228.png,144,47,4,2,False,,
229,/Users/admin/Nutstore Files/我的坚果云/CODE/project/liangqin-skill/skill/liangqin-pricing/reports/addenda/designer-manual-2026-03-22/pdf-block-review-2026-03-24/page-images/page-229.png,112,29,5,4,False,,
230,/Users/admin/Nutstore Files/我的坚果云/CODE/project/liangqin-skill/skill/liangqin-pricing/reports/addenda/designer-manual-2026-03-22/pdf-block-review-2026-03-24/page-images/page-230.png,150,63,6,8,False,,
231,/Users/admin/Nutstore Files/我的坚果云/CODE/project/liangqin-skill/skill/liangqin-pricing/reports/addenda/designer-manual-2026-03-22/pdf-block-review-2026-03-24/page-images/page-231.png,347,88,29,3,False,,
232,/Users/admin/Nutstore Files/我的坚果云/CODE/project/liangqin-skill/skill/liangqin-pricing/reports/addenda/designer-manual-2026-03-22/pdf-block-review-2026-03-24/page-images/page-232.png,368,82,15,2,False,,
233,/Users/admin/Nutstore Files/我的坚果云/CODE/project/liangqin-skill/skill/liangqin-pricing/reports/addenda/designer-manual-2026-03-22/pdf-block-review-2026-03-24/page-images/page-233.png,0,71,0,6,False,,
234,/Users/admin/Nutstore Files/我的坚果云/CODE/project/liangqin-skill/skill/liangqin-pricing/reports/addenda/designer-manual-2026-03-22/pdf-block-review-2026-03-24/page-images/page-234.png,0,34,0,5,False,,
235,/Users/admin/Nutstore Files/我的坚果云/CODE/project/liangqin-skill/skill/liangqin-pricing/reports/addenda/designer-manual-2026-03-22/pdf-block-review-2026-03-24/page-images/page-235.png,0,35,0,9,False,,
236,/Users/admin/Nutstore Files/我的坚果云/CODE/project/liangqin-skill/skill/liangqin-pricing/reports/addenda/designer-manual-2026-03-22/pdf-block-review-2026-03-24/page-images/page-236.png,168,51,18,3,False,,
237,/Users/admin/Nutstore Files/我的坚果云/CODE/project/liangqin-skill/skill/liangqin-pricing/reports/addenda/designer-manual-2026-03-22/pdf-block-review-2026-03-24/page-images/page-237.png,373,99,20,6,False,,
238,/Users/admin/Nutstore Files/我的坚果云/CODE/project/liangqin-skill/skill/liangqin-pricing/reports/addenda/designer-manual-2026-03-22/pdf-block-review-2026-03-24/page-images/page-238.png,93,35,4,5,False,,
239,/Users/admin/Nutstore Files/我的坚果云/CODE/project/liangqin-skill/skill/liangqin-pricing/reports/addenda/designer-manual-2026-03-22/pdf-block-review-2026-03-24/page-images/page-239.png,49,97,3,5,False,,
240,/Users/admin/Nutstore Files/我的坚果云/CODE/project/liangqin-skill/skill/liangqin-pricing/reports/addenda/designer-manual-2026-03-22/pdf-block-review-2026-03-24/page-images/page-240.png,178,77,18,11,False,,
241,/Users/admin/Nutstore Files/我的坚果云/CODE/project/liangqin-skill/skill/liangqin-pricing/reports/addenda/designer-manual-2026-03-22/pdf-block-review-2026-03-24/page-images/page-241.png,98,66,8,6,False,,
242,/Users/admin/Nutstore Files/我的坚果云/CODE/project/liangqin-skill/skill/liangqin-pricing/reports/addenda/designer-manual-2026-03-22/pdf-block-review-2026-03-24/page-images/page-242.png,241,104,8,4,False,,
243,/Users/admin/Nutstore Files/我的坚果云/CODE/project/liangqin-skill/skill/liangqin-pricing/reports/addenda/designer-manual-2026-03-22/pdf-block-review-2026-03-24/page-images/page-243.png,163,80,10,9,False,,
244,/Users/admin/Nutstore Files/我的坚果云/CODE/project/liangqin-skill/skill/liangqin-pricing/reports/addenda/designer-manual-2026-03-22/pdf-block-review-2026-03-24/page-images/page-244.png,100,32,9,7,False,,
245,/Users/admin/Nutstore Files/我的坚果云/CODE/project/liangqin-skill/skill/liangqin-pricing/reports/addenda/designer-manual-2026-03-22/pdf-block-review-2026-03-24/page-images/page-245.png,136,89,5,6,False,,
246,/Users/admin/Nutstore Files/我的坚果云/CODE/project/liangqin-skill/skill/liangqin-pricing/reports/addenda/designer-manual-2026-03-22/pdf-block-review-2026-03-24/page-images/page-246.png,92,24,6,1,False,,
247,/Users/admin/Nutstore Files/我的坚果云/CODE/project/liangqin-skill/skill/liangqin-pricing/reports/addenda/designer-manual-2026-03-22/pdf-block-review-2026-03-24/page-images/page-247.png,283,95,13,5,False,,
248,/Users/admin/Nutstore Files/我的坚果云/CODE/project/liangqin-skill/skill/liangqin-pricing/reports/addenda/designer-manual-2026-03-22/pdf-block-review-2026-03-24/page-images/page-248.png,374,143,14,5,False,,
249,/Users/admin/Nutstore Files/我的坚果云/CODE/project/liangqin-skill/skill/liangqin-pricing/reports/addenda/designer-manual-2026-03-22/pdf-block-review-2026-03-24/page-images/page-249.png,336,141,7,5,False,,
250,/Users/admin/Nutstore Files/我的坚果云/CODE/project/liangqin-skill/skill/liangqin-pricing/reports/addenda/designer-manual-2026-03-22/pdf-block-review-2026-03-24/page-images/page-250.png,123,46,8,10,False,,
251,/Users/admin/Nutstore Files/我的坚果云/CODE/project/liangqin-skill/skill/liangqin-pricing/reports/addenda/designer-manual-2026-03-22/pdf-block-review-2026-03-24/page-images/page-251.png,9,34,11,11,False,,
252,/Users/admin/Nutstore Files/我的坚果云/CODE/project/liangqin-skill/skill/liangqin-pricing/reports/addenda/designer-manual-2026-03-22/pdf-block-review-2026-03-24/page-images/page-252.png,278,84,12,5,False,,
253,/Users/admin/Nutstore Files/我的坚果云/CODE/project/liangqin-skill/skill/liangqin-pricing/reports/addenda/designer-manual-2026-03-22/pdf-block-review-2026-03-24/page-images/page-253.png,216,68,14,8,False,,
254,/Users/admin/Nutstore Files/我的坚果云/CODE/project/liangqin-skill/skill/liangqin-pricing/reports/addenda/designer-manual-2026-03-22/pdf-block-review-2026-03-24/page-images/page-254.png,66,20,4,5,False,,
255,/Users/admin/Nutstore Files/我的坚果云/CODE/project/liangqin-skill/skill/liangqin-pricing/reports/addenda/designer-manual-2026-03-22/pdf-block-review-2026-03-24/page-images/page-255.png,269,84,25,7,False,,
256,/Users/admin/Nutstore Files/我的坚果云/CODE/project/liangqin-skill/skill/liangqin-pricing/reports/addenda/designer-manual-2026-03-22/pdf-block-review-2026-03-24/page-images/page-256.png,191,60,34,11,False,,
257,/Users/admin/Nutstore Files/我的坚果云/CODE/project/liangqin-skill/skill/liangqin-pricing/reports/addenda/designer-manual-2026-03-22/pdf-block-review-2026-03-24/page-images/page-257.png,158,53,30,11,False,,
258,/Users/admin/Nutstore Files/我的坚果云/CODE/project/liangqin-skill/skill/liangqin-pricing/reports/addenda/designer-manual-2026-03-22/pdf-block-review-2026-03-24/page-images/page-258.png,260,103,30,9,False,,
259,/Users/admin/Nutstore Files/我的坚果云/CODE/project/liangqin-skill/skill/liangqin-pricing/reports/addenda/designer-manual-2026-03-22/pdf-block-review-2026-03-24/page-images/page-259.png,198,62,22,7,False,,
260,/Users/admin/Nutstore Files/我的坚果云/CODE/project/liangqin-skill/skill/liangqin-pricing/reports/addenda/designer-manual-2026-03-22/pdf-block-review-2026-03-24/page-images/page-260.png,225,59,27,7,False,,
261,/Users/admin/Nutstore Files/我的坚果云/CODE/project/liangqin-skill/skill/liangqin-pricing/reports/addenda/designer-manual-2026-03-22/pdf-block-review-2026-03-24/page-images/page-261.png,245,83,43,19,False,,
262,/Users/admin/Nutstore Files/我的坚果云/CODE/project/liangqin-skill/skill/liangqin-pricing/reports/addenda/designer-manual-2026-03-22/pdf-block-review-2026-03-24/page-images/page-262.png,188,56,22,11,False,,
263,/Users/admin/Nutstore Files/我的坚果云/CODE/project/liangqin-skill/skill/liangqin-pricing/reports/addenda/designer-manual-2026-03-22/pdf-block-review-2026-03-24/page-images/page-263.png,34,19,6,7,False,,
264,/Users/admin/Nutstore Files/我的坚果云/CODE/project/liangqin-skill/skill/liangqin-pricing/reports/addenda/designer-manual-2026-03-22/pdf-block-review-2026-03-24/page-images/page-264.png,111,46,7,9,False,,
265,/Users/admin/Nutstore Files/我的坚果云/CODE/project/liangqin-skill/skill/liangqin-pricing/reports/addenda/designer-manual-2026-03-22/pdf-block-review-2026-03-24/page-images/page-265.png,77,62,8,8,False,,
266,/Users/admin/Nutstore Files/我的坚果云/CODE/project/liangqin-skill/skill/liangqin-pricing/reports/addenda/designer-manual-2026-03-22/pdf-block-review-2026-03-24/page-images/page-266.png,174,62,9,6,False,,
267,/Users/admin/Nutstore Files/我的坚果云/CODE/project/liangqin-skill/skill/liangqin-pricing/reports/addenda/designer-manual-2026-03-22/pdf-block-review-2026-03-24/page-images/page-267.png,86,52,14,12,False,,
268,/Users/admin/Nutstore Files/我的坚果云/CODE/project/liangqin-skill/skill/liangqin-pricing/reports/addenda/designer-manual-2026-03-22/pdf-block-review-2026-03-24/page-images/page-268.png,21,11,6,5,False,,
269,/Users/admin/Nutstore Files/我的坚果云/CODE/project/liangqin-skill/skill/liangqin-pricing/reports/addenda/designer-manual-2026-03-22/pdf-block-review-2026-03-24/page-images/page-269.png,76,38,21,12,False,,
270,/Users/admin/Nutstore Files/我的坚果云/CODE/project/liangqin-skill/skill/liangqin-pricing/reports/addenda/designer-manual-2026-03-22/pdf-block-review-2026-03-24/page-images/page-270.png,134,69,8,8,False,,
271,/Users/admin/Nutstore Files/我的坚果云/CODE/project/liangqin-skill/skill/liangqin-pricing/reports/addenda/designer-manual-2026-03-22/pdf-block-review-2026-03-24/page-images/page-271.png,270,103,15,12,False,,
272,/Users/admin/Nutstore Files/我的坚果云/CODE/project/liangqin-skill/skill/liangqin-pricing/reports/addenda/designer-manual-2026-03-22/pdf-block-review-2026-03-24/page-images/page-272.png,2,52,4,8,False,,
273,/Users/admin/Nutstore Files/我的坚果云/CODE/project/liangqin-skill/skill/liangqin-pricing/reports/addenda/designer-manual-2026-03-22/pdf-block-review-2026-03-24/page-images/page-273.png,4,68,1,5,False,,
274,/Users/admin/Nutstore Files/我的坚果云/CODE/project/liangqin-skill/skill/liangqin-pricing/reports/addenda/designer-manual-2026-03-22/pdf-block-review-2026-03-24/page-images/page-274.png,2,20,1,8,False,,
275,/Users/admin/Nutstore Files/我的坚果云/CODE/project/liangqin-skill/skill/liangqin-pricing/reports/addenda/designer-manual-2026-03-22/pdf-block-review-2026-03-24/page-images/page-275.png,2,41,2,4,False,,
276,/Users/admin/Nutstore Files/我的坚果云/CODE/project/liangqin-skill/skill/liangqin-pricing/reports/addenda/designer-manual-2026-03-22/pdf-block-review-2026-03-24/page-images/page-276.png,2,94,2,8,False,,
277,/Users/admin/Nutstore Files/我的坚果云/CODE/project/liangqin-skill/skill/liangqin-pricing/reports/addenda/designer-manual-2026-03-22/pdf-block-review-2026-03-24/page-images/page-277.png,453,127,11,1,False,,
278,/Users/admin/Nutstore Files/我的坚果云/CODE/project/liangqin-skill/skill/liangqin-pricing/reports/addenda/designer-manual-2026-03-22/pdf-block-review-2026-03-24/page-images/page-278.png,34,14,3,7,False,,
279,/Users/admin/Nutstore Files/我的坚果云/CODE/project/liangqin-skill/skill/liangqin-pricing/reports/addenda/designer-manual-2026-03-22/pdf-block-review-2026-03-24/page-images/page-279.png,88,41,15,10,False,,
280,/Users/admin/Nutstore Files/我的坚果云/CODE/project/liangqin-skill/skill/liangqin-pricing/reports/addenda/designer-manual-2026-03-22/pdf-block-review-2026-03-24/page-images/page-280.png,17,132,35,12,False,,
281,/Users/admin/Nutstore Files/我的坚果云/CODE/project/liangqin-skill/skill/liangqin-pricing/reports/addenda/designer-manual-2026-03-22/pdf-block-review-2026-03-24/page-images/page-281.png,0,106,25,9,False,,
282,/Users/admin/Nutstore Files/我的坚果云/CODE/project/liangqin-skill/skill/liangqin-pricing/reports/addenda/designer-manual-2026-03-22/pdf-block-review-2026-03-24/page-images/page-282.png,0,149,27,7,False,,
283,/Users/admin/Nutstore Files/我的坚果云/CODE/project/liangqin-skill/skill/liangqin-pricing/reports/addenda/designer-manual-2026-03-22/pdf-block-review-2026-03-24/page-images/page-283.png,16,119,28,17,False,,
284,/Users/admin/Nutstore Files/我的坚果云/CODE/project/liangqin-skill/skill/liangqin-pricing/reports/addenda/designer-manual-2026-03-22/pdf-block-review-2026-03-24/page-images/page-284.png,0,92,25,13,False,,
285,/Users/admin/Nutstore Files/我的坚果云/CODE/project/liangqin-skill/skill/liangqin-pricing/reports/addenda/designer-manual-2026-03-22/pdf-block-review-2026-03-24/page-images/page-285.png,0,119,21,13,False,,
286,/Users/admin/Nutstore Files/我的坚果云/CODE/project/liangqin-skill/skill/liangqin-pricing/reports/addenda/designer-manual-2026-03-22/pdf-block-review-2026-03-24/page-images/page-286.png,362,100,7,2,False,,
287,/Users/admin/Nutstore Files/我的坚果云/CODE/project/liangqin-skill/skill/liangqin-pricing/reports/addenda/designer-manual-2026-03-22/pdf-block-review-2026-03-24/page-images/page-287.png,240,62,17,7,False,,
288,/Users/admin/Nutstore Files/我的坚果云/CODE/project/liangqin-skill/skill/liangqin-pricing/reports/addenda/designer-manual-2026-03-22/pdf-block-review-2026-03-24/page-images/page-288.png,362,94,10,1,False,,
289,/Users/admin/Nutstore Files/我的坚果云/CODE/project/liangqin-skill/skill/liangqin-pricing/reports/addenda/designer-manual-2026-03-22/pdf-block-review-2026-03-24/page-images/page-289.png,322,85,19,3,False,,
290,/Users/admin/Nutstore Files/我的坚果云/CODE/project/liangqin-skill/skill/liangqin-pricing/reports/addenda/designer-manual-2026-03-22/pdf-block-review-2026-03-24/page-images/page-290.png,77,53,10,11,False,,
291,/Users/admin/Nutstore Files/我的坚果云/CODE/project/liangqin-skill/skill/liangqin-pricing/reports/addenda/designer-manual-2026-03-22/pdf-block-review-2026-03-24/page-images/page-291.png,322,90,11,4,False,,
292,/Users/admin/Nutstore Files/我的坚果云/CODE/project/liangqin-skill/skill/liangqin-pricing/reports/addenda/designer-manual-2026-03-22/pdf-block-review-2026-03-24/page-images/page-292.png,108,50,10,12,False,,
293,/Users/admin/Nutstore Files/我的坚果云/CODE/project/liangqin-skill/skill/liangqin-pricing/reports/addenda/designer-manual-2026-03-22/pdf-block-review-2026-03-24/page-images/page-293.png,43,14,5,3,False,,
294,/Users/admin/Nutstore Files/我的坚果云/CODE/project/liangqin-skill/skill/liangqin-pricing/reports/addenda/designer-manual-2026-03-22/pdf-block-review-2026-03-24/page-images/page-294.png,210,56,8,2,False,,
295,/Users/admin/Nutstore Files/我的坚果云/CODE/project/liangqin-skill/skill/liangqin-pricing/reports/addenda/designer-manual-2026-03-22/pdf-block-review-2026-03-24/page-images/page-295.png,315,77,11,4,False,,
296,/Users/admin/Nutstore Files/我的坚果云/CODE/project/liangqin-skill/skill/liangqin-pricing/reports/addenda/designer-manual-2026-03-22/pdf-block-review-2026-03-24/page-images/page-296.png,248,74,15,8,False,,
297,/Users/admin/Nutstore Files/我的坚果云/CODE/project/liangqin-skill/skill/liangqin-pricing/reports/addenda/designer-manual-2026-03-22/pdf-block-review-2026-03-24/page-images/page-297.png,160,63,11,8,False,,
298,/Users/admin/Nutstore Files/我的坚果云/CODE/project/liangqin-skill/skill/liangqin-pricing/reports/addenda/designer-manual-2026-03-22/pdf-block-review-2026-03-24/page-images/page-298.png,263,63,14,3,False,,
299,/Users/admin/Nutstore Files/我的坚果云/CODE/project/liangqin-skill/skill/liangqin-pricing/reports/addenda/designer-manual-2026-03-22/pdf-block-review-2026-03-24/page-images/page-299.png,30,47,7,9,False,,
300,/Users/admin/Nutstore Files/我的坚果云/CODE/project/liangqin-skill/skill/liangqin-pricing/reports/addenda/designer-manual-2026-03-22/pdf-block-review-2026-03-24/page-images/page-300.png,338,77,20,4,False,,
301,/Users/admin/Nutstore Files/我的坚果云/CODE/project/liangqin-skill/skill/liangqin-pricing/reports/addenda/designer-manual-2026-03-22/pdf-block-review-2026-03-24/page-images/page-301.png,157,42,8,1,False,,
302,/Users/admin/Nutstore Files/我的坚果云/CODE/project/liangqin-skill/skill/liangqin-pricing/reports/addenda/designer-manual-2026-03-22/pdf-block-review-2026-03-24/page-images/page-302.png,51,87,14,11,False,,
303,/Users/admin/Nutstore Files/我的坚果云/CODE/project/liangqin-skill/skill/liangqin-pricing/reports/addenda/designer-manual-2026-03-22/pdf-block-review-2026-03-24/page-images/page-303.png,145,43,23,4,False,,
304,/Users/admin/Nutstore Files/我的坚果云/CODE/project/liangqin-skill/skill/liangqin-pricing/reports/addenda/designer-manual-2026-03-22/pdf-block-review-2026-03-24/page-images/page-304.png,261,95,4,7,False,,
305,/Users/admin/Nutstore Files/我的坚果云/CODE/project/liangqin-skill/skill/liangqin-pricing/reports/addenda/designer-manual-2026-03-22/pdf-block-review-2026-03-24/page-images/page-305.png,453,102,10,5,False,,
306,/Users/admin/Nutstore Files/我的坚果云/CODE/project/liangqin-skill/skill/liangqin-pricing/reports/addenda/designer-manual-2026-03-22/pdf-block-review-2026-03-24/page-images/page-306.png,125,8,6,8,False,,
307,/Users/admin/Nutstore Files/我的坚果云/CODE/project/liangqin-skill/skill/liangqin-pricing/reports/addenda/designer-manual-2026-03-22/pdf-block-review-2026-03-24/page-images/page-307.png,305,84,14,8,False,,
308,/Users/admin/Nutstore Files/我的坚果云/CODE/project/liangqin-skill/skill/liangqin-pricing/reports/addenda/designer-manual-2026-03-22/pdf-block-review-2026-03-24/page-images/page-308.png,193,48,12,5,False,,
309,/Users/admin/Nutstore Files/我的坚果云/CODE/project/liangqin-skill/skill/liangqin-pricing/reports/addenda/designer-manual-2026-03-22/pdf-block-review-2026-03-24/page-images/page-309.png,368,115,16,2,False,,
310,/Users/admin/Nutstore Files/我的坚果云/CODE/project/liangqin-skill/skill/liangqin-pricing/reports/addenda/designer-manual-2026-03-22/pdf-block-review-2026-03-24/page-images/page-310.png,180,85,23,6,False,,
311,/Users/admin/Nutstore Files/我的坚果云/CODE/project/liangqin-skill/skill/liangqin-pricing/reports/addenda/designer-manual-2026-03-22/pdf-block-review-2026-03-24/page-images/page-311.png,205,99,32,4,False,,
312,/Users/admin/Nutstore Files/我的坚果云/CODE/project/liangqin-skill/skill/liangqin-pricing/reports/addenda/designer-manual-2026-03-22/pdf-block-review-2026-03-24/page-images/page-312.png,186,81,28,4,False,,
313,/Users/admin/Nutstore Files/我的坚果云/CODE/project/liangqin-skill/skill/liangqin-pricing/reports/addenda/designer-manual-2026-03-22/pdf-block-review-2026-03-24/page-images/page-313.png,167,68,11,11,False,,
314,/Users/admin/Nutstore Files/我的坚果云/CODE/project/liangqin-skill/skill/liangqin-pricing/reports/addenda/designer-manual-2026-03-22/pdf-block-review-2026-03-24/page-images/page-314.png,15,11,11,11,False,,
315,/Users/admin/Nutstore Files/我的坚果云/CODE/project/liangqin-skill/skill/liangqin-pricing/reports/addenda/designer-manual-2026-03-22/pdf-block-review-2026-03-24/page-images/page-315.png,117,55,10,12,False,,
316,/Users/admin/Nutstore Files/我的坚果云/CODE/project/liangqin-skill/skill/liangqin-pricing/reports/addenda/designer-manual-2026-03-22/pdf-block-review-2026-03-24/page-images/page-316.png,91,64,22,8,False,,
317,/Users/admin/Nutstore Files/我的坚果云/CODE/project/liangqin-skill/skill/liangqin-pricing/reports/addenda/designer-manual-2026-03-22/pdf-block-review-2026-03-24/page-images/page-317.png,19,51,11,8,False,,
318,/Users/admin/Nutstore Files/我的坚果云/CODE/project/liangqin-skill/skill/liangqin-pricing/reports/addenda/designer-manual-2026-03-22/pdf-block-review-2026-03-24/page-images/page-318.png,19,90,17,11,False,,
319,/Users/admin/Nutstore Files/我的坚果云/CODE/project/liangqin-skill/skill/liangqin-pricing/reports/addenda/designer-manual-2026-03-22/pdf-block-review-2026-03-24/page-images/page-319.png,67,15,6,3,False,,
320,/Users/admin/Nutstore Files/我的坚果云/CODE/project/liangqin-skill/skill/liangqin-pricing/reports/addenda/designer-manual-2026-03-22/pdf-block-review-2026-03-24/page-images/page-320.png,76,92,37,13,False,,
321,/Users/admin/Nutstore Files/我的坚果云/CODE/project/liangqin-skill/skill/liangqin-pricing/reports/addenda/designer-manual-2026-03-22/pdf-block-review-2026-03-24/page-images/page-321.png,103,84,7,7,False,,
322,/Users/admin/Nutstore Files/我的坚果云/CODE/project/liangqin-skill/skill/liangqin-pricing/reports/addenda/designer-manual-2026-03-22/pdf-block-review-2026-03-24/page-images/page-322.png,19,76,38,1,False,,
323,/Users/admin/Nutstore Files/我的坚果云/CODE/project/liangqin-skill/skill/liangqin-pricing/reports/addenda/designer-manual-2026-03-22/pdf-block-review-2026-03-24/page-images/page-323.png,58,126,24,3,False,,
324,/Users/admin/Nutstore Files/我的坚果云/CODE/project/liangqin-skill/skill/liangqin-pricing/reports/addenda/designer-manual-2026-03-22/pdf-block-review-2026-03-24/page-images/page-324.png,20,77,10,6,False,,
325,/Users/admin/Nutstore Files/我的坚果云/CODE/project/liangqin-skill/skill/liangqin-pricing/reports/addenda/designer-manual-2026-03-22/pdf-block-review-2026-03-24/page-images/page-325.png,168,59,14,9,False,,
326,/Users/admin/Nutstore Files/我的坚果云/CODE/project/liangqin-skill/skill/liangqin-pricing/reports/addenda/designer-manual-2026-03-22/pdf-block-review-2026-03-24/page-images/page-326.png,94,43,22,13,False,,
327,/Users/admin/Nutstore Files/我的坚果云/CODE/project/liangqin-skill/skill/liangqin-pricing/reports/addenda/designer-manual-2026-03-22/pdf-block-review-2026-03-24/page-images/page-327.png,176,76,24,6,False,,
328,/Users/admin/Nutstore Files/我的坚果云/CODE/project/liangqin-skill/skill/liangqin-pricing/reports/addenda/designer-manual-2026-03-22/pdf-block-review-2026-03-24/page-images/page-328.png,136,64,22,8,False,,
329,/Users/admin/Nutstore Files/我的坚果云/CODE/project/liangqin-skill/skill/liangqin-pricing/reports/addenda/designer-manual-2026-03-22/pdf-block-review-2026-03-24/page-images/page-329.png,110,31,4,6,False,,
330,/Users/admin/Nutstore Files/我的坚果云/CODE/project/liangqin-skill/skill/liangqin-pricing/reports/addenda/designer-manual-2026-03-22/pdf-block-review-2026-03-24/page-images/page-330.png,14,52,2,8,False,,
331,/Users/admin/Nutstore Files/我的坚果云/CODE/project/liangqin-skill/skill/liangqin-pricing/reports/addenda/designer-manual-2026-03-22/pdf-block-review-2026-03-24/page-images/page-331.png,295,129,10,9,False,,
332,/Users/admin/Nutstore Files/我的坚果云/CODE/project/liangqin-skill/skill/liangqin-pricing/reports/addenda/designer-manual-2026-03-22/pdf-block-review-2026-03-24/page-images/page-332.png,148,62,28,6,False,,
333,/Users/admin/Nutstore Files/我的坚果云/CODE/project/liangqin-skill/skill/liangqin-pricing/reports/addenda/designer-manual-2026-03-22/pdf-block-review-2026-03-24/page-images/page-333.png,39,71,20,18,False,,
334,/Users/admin/Nutstore Files/我的坚果云/CODE/project/liangqin-skill/skill/liangqin-pricing/reports/addenda/designer-manual-2026-03-22/pdf-block-review-2026-03-24/page-images/page-334.png,257,148,26,5,False,,
335,/Users/admin/Nutstore Files/我的坚果云/CODE/project/liangqin-skill/skill/liangqin-pricing/reports/addenda/designer-manual-2026-03-22/pdf-block-review-2026-03-24/page-images/page-335.png,139,46,3,7,False,,
336,/Users/admin/Nutstore Files/我的坚果云/CODE/project/liangqin-skill/skill/liangqin-pricing/reports/addenda/designer-manual-2026-03-22/pdf-block-review-2026-03-24/page-images/page-336.png,112,30,4,5,False,,
337,/Users/admin/Nutstore Files/我的坚果云/CODE/project/liangqin-skill/skill/liangqin-pricing/reports/addenda/designer-manual-2026-03-22/pdf-block-review-2026-03-24/page-images/page-337.png,62,44,17,3,False,,
338,/Users/admin/Nutstore Files/我的坚果云/CODE/project/liangqin-skill/skill/liangqin-pricing/reports/addenda/designer-manual-2026-03-22/pdf-block-review-2026-03-24/page-images/page-338.png,107,192,4,12,False,,
339,/Users/admin/Nutstore Files/我的坚果云/CODE/project/liangqin-skill/skill/liangqin-pricing/reports/addenda/designer-manual-2026-03-22/pdf-block-review-2026-03-24/page-images/page-339.png,14,61,3,3,False,,
340,/Users/admin/Nutstore Files/我的坚果云/CODE/project/liangqin-skill/skill/liangqin-pricing/reports/addenda/designer-manual-2026-03-22/pdf-block-review-2026-03-24/page-images/page-340.png,52,113,1,7,False,,
341,/Users/admin/Nutstore Files/我的坚果云/CODE/project/liangqin-skill/skill/liangqin-pricing/reports/addenda/designer-manual-2026-03-22/pdf-block-review-2026-03-24/page-images/page-341.png,633,165,19,1,False,,
342,/Users/admin/Nutstore Files/我的坚果云/CODE/project/liangqin-skill/skill/liangqin-pricing/reports/addenda/designer-manual-2026-03-22/pdf-block-review-2026-03-24/page-images/page-342.png,226,171,3,9,False,,
343,/Users/admin/Nutstore Files/我的坚果云/CODE/project/liangqin-skill/skill/liangqin-pricing/reports/addenda/designer-manual-2026-03-22/pdf-block-review-2026-03-24/page-images/page-343.png,172,84,7,9,False,,
344,/Users/admin/Nutstore Files/我的坚果云/CODE/project/liangqin-skill/skill/liangqin-pricing/reports/addenda/designer-manual-2026-03-22/pdf-block-review-2026-03-24/page-images/page-344.png,271,99,8,2,False,,
345,/Users/admin/Nutstore Files/我的坚果云/CODE/project/liangqin-skill/skill/liangqin-pricing/reports/addenda/designer-manual-2026-03-22/pdf-block-review-2026-03-24/page-images/page-345.png,130,81,12,9,False,,
346,/Users/admin/Nutstore Files/我的坚果云/CODE/project/liangqin-skill/skill/liangqin-pricing/reports/addenda/designer-manual-2026-03-22/pdf-block-review-2026-03-24/page-images/page-346.png,134,71,13,6,False,,
347,/Users/admin/Nutstore Files/我的坚果云/CODE/project/liangqin-skill/skill/liangqin-pricing/reports/addenda/designer-manual-2026-03-22/pdf-block-review-2026-03-24/page-images/page-347.png,175,77,8,3,False,,
348,/Users/admin/Nutstore Files/我的坚果云/CODE/project/liangqin-skill/skill/liangqin-pricing/reports/addenda/designer-manual-2026-03-22/pdf-block-review-2026-03-24/page-images/page-348.png,144,77,10,7,False,,
349,/Users/admin/Nutstore Files/我的坚果云/CODE/project/liangqin-skill/skill/liangqin-pricing/reports/addenda/designer-manual-2026-03-22/pdf-block-review-2026-03-24/page-images/page-349.png,49,21,4,4,False,,
350,/Users/admin/Nutstore Files/我的坚果云/CODE/project/liangqin-skill/skill/liangqin-pricing/reports/addenda/designer-manual-2026-03-22/pdf-block-review-2026-03-24/page-images/page-350.png,268,82,8,7,False,,
351,/Users/admin/Nutstore Files/我的坚果云/CODE/project/liangqin-skill/skill/liangqin-pricing/reports/addenda/designer-manual-2026-03-22/pdf-block-review-2026-03-24/page-images/page-351.png,158,53,4,4,False,,
352,/Users/admin/Nutstore Files/我的坚果云/CODE/project/liangqin-skill/skill/liangqin-pricing/reports/addenda/designer-manual-2026-03-22/pdf-block-review-2026-03-24/page-images/page-352.png,121,53,1,3,False,,
353,/Users/admin/Nutstore Files/我的坚果云/CODE/project/liangqin-skill/skill/liangqin-pricing/reports/addenda/designer-manual-2026-03-22/pdf-block-review-2026-03-24/page-images/page-353.png,100,44,7,10,False,,
354,/Users/admin/Nutstore Files/我的坚果云/CODE/project/liangqin-skill/skill/liangqin-pricing/reports/addenda/designer-manual-2026-03-22/pdf-block-review-2026-03-24/page-images/page-354.png,166,78,4,7,False,,
355,/Users/admin/Nutstore Files/我的坚果云/CODE/project/liangqin-skill/skill/liangqin-pricing/reports/addenda/designer-manual-2026-03-22/pdf-block-review-2026-03-24/page-images/page-355.png,149,80,3,11,False,,
356,/Users/admin/Nutstore Files/我的坚果云/CODE/project/liangqin-skill/skill/liangqin-pricing/reports/addenda/designer-manual-2026-03-22/pdf-block-review-2026-03-24/page-images/page-356.png,138,75,4,6,False,,
357,/Users/admin/Nutstore Files/我的坚果云/CODE/project/liangqin-skill/skill/liangqin-pricing/reports/addenda/designer-manual-2026-03-22/pdf-block-review-2026-03-24/page-images/page-357.png,205,50,7,3,False,,
358,/Users/admin/Nutstore Files/我的坚果云/CODE/project/liangqin-skill/skill/liangqin-pricing/reports/addenda/designer-manual-2026-03-22/pdf-block-review-2026-03-24/page-images/page-358.png,236,74,9,5,False,,
359,/Users/admin/Nutstore Files/我的坚果云/CODE/project/liangqin-skill/skill/liangqin-pricing/reports/addenda/designer-manual-2026-03-22/pdf-block-review-2026-03-24/page-images/page-359.png,98,35,3,3,False,,
360,/Users/admin/Nutstore Files/我的坚果云/CODE/project/liangqin-skill/skill/liangqin-pricing/reports/addenda/designer-manual-2026-03-22/pdf-block-review-2026-03-24/page-images/page-360.png,490,83,73,3,False,,
361,/Users/admin/Nutstore Files/我的坚果云/CODE/project/liangqin-skill/skill/liangqin-pricing/reports/addenda/designer-manual-2026-03-22/pdf-block-review-2026-03-24/page-images/page-361.png,384,94,4,7,False,,
362,/Users/admin/Nutstore Files/我的坚果云/CODE/project/liangqin-skill/skill/liangqin-pricing/reports/addenda/designer-manual-2026-03-22/pdf-block-review-2026-03-24/page-images/page-362.png,70,53,2,4,False,,
363,/Users/admin/Nutstore Files/我的坚果云/CODE/project/liangqin-skill/skill/liangqin-pricing/reports/addenda/designer-manual-2026-03-22/pdf-block-review-2026-03-24/page-images/page-363.png,155,284,10,5,False,,
364,/Users/admin/Nutstore Files/我的坚果云/CODE/project/liangqin-skill/skill/liangqin-pricing/reports/addenda/designer-manual-2026-03-22/pdf-block-review-2026-03-24/page-images/page-364.png,0,63,9,9,False,,
365,/Users/admin/Nutstore Files/我的坚果云/CODE/project/liangqin-skill/skill/liangqin-pricing/reports/addenda/designer-manual-2026-03-22/pdf-block-review-2026-03-24/page-images/page-365.png,187,60,14,7,False,,
366,/Users/admin/Nutstore Files/我的坚果云/CODE/project/liangqin-skill/skill/liangqin-pricing/reports/addenda/designer-manual-2026-03-22/pdf-block-review-2026-03-24/page-images/page-366.png,295,145,9,5,False,,
367,/Users/admin/Nutstore Files/我的坚果云/CODE/project/liangqin-skill/skill/liangqin-pricing/reports/addenda/designer-manual-2026-03-22/pdf-block-review-2026-03-24/page-images/page-367.png,252,64,9,2,False,,
368,/Users/admin/Nutstore Files/我的坚果云/CODE/project/liangqin-skill/skill/liangqin-pricing/reports/addenda/designer-manual-2026-03-22/pdf-block-review-2026-03-24/page-images/page-368.png,179,74,6,8,False,,
369,/Users/admin/Nutstore Files/我的坚果云/CODE/project/liangqin-skill/skill/liangqin-pricing/reports/addenda/designer-manual-2026-03-22/pdf-block-review-2026-03-24/page-images/page-369.png,301,158,35,2,False,,
370,/Users/admin/Nutstore Files/我的坚果云/CODE/project/liangqin-skill/skill/liangqin-pricing/reports/addenda/designer-manual-2026-03-22/pdf-block-review-2026-03-24/page-images/page-370.png,327,156,33,4,False,,
371,/Users/admin/Nutstore Files/我的坚果云/CODE/project/liangqin-skill/skill/liangqin-pricing/reports/addenda/designer-manual-2026-03-22/pdf-block-review-2026-03-24/page-images/page-371.png,90,38,12,10,False,,
372,/Users/admin/Nutstore Files/我的坚果云/CODE/project/liangqin-skill/skill/liangqin-pricing/reports/addenda/designer-manual-2026-03-22/pdf-block-review-2026-03-24/page-images/page-372.png,186,80,14,6,False,,
373,/Users/admin/Nutstore Files/我的坚果云/CODE/project/liangqin-skill/skill/liangqin-pricing/reports/addenda/designer-manual-2026-03-22/pdf-block-review-2026-03-24/page-images/page-373.png,91,94,14,8,False,,
374,/Users/admin/Nutstore Files/我的坚果云/CODE/project/liangqin-skill/skill/liangqin-pricing/reports/addenda/designer-manual-2026-03-22/pdf-block-review-2026-03-24/page-images/page-374.png,228,132,24,8,False,,
375,/Users/admin/Nutstore Files/我的坚果云/CODE/project/liangqin-skill/skill/liangqin-pricing/reports/addenda/designer-manual-2026-03-22/pdf-block-review-2026-03-24/page-images/page-375.png,377,115,31,4,False,,
376,/Users/admin/Nutstore Files/我的坚果云/CODE/project/liangqin-skill/skill/liangqin-pricing/reports/addenda/designer-manual-2026-03-22/pdf-block-review-2026-03-24/page-images/page-376.png,172,60,13,8,False,,
377,/Users/admin/Nutstore Files/我的坚果云/CODE/project/liangqin-skill/skill/liangqin-pricing/reports/addenda/designer-manual-2026-03-22/pdf-block-review-2026-03-24/page-images/page-377.png,88,88,9,4,False,,
378,/Users/admin/Nutstore Files/我的坚果云/CODE/project/liangqin-skill/skill/liangqin-pricing/reports/addenda/designer-manual-2026-03-22/pdf-block-review-2026-03-24/page-images/page-378.png,151,47,4,1,False,,
379,/Users/admin/Nutstore Files/我的坚果云/CODE/project/liangqin-skill/skill/liangqin-pricing/reports/addenda/designer-manual-2026-03-22/pdf-block-review-2026-03-24/page-images/page-379.png,126,61,9,7,False,,
380,/Users/admin/Nutstore Files/我的坚果云/CODE/project/liangqin-skill/skill/liangqin-pricing/reports/addenda/designer-manual-2026-03-22/pdf-block-review-2026-03-24/page-images/page-380.png,94,83,45,16,False,,
381,/Users/admin/Nutstore Files/我的坚果云/CODE/project/liangqin-skill/skill/liangqin-pricing/reports/addenda/designer-manual-2026-03-22/pdf-block-review-2026-03-24/page-images/page-381.png,164,53,16,8,False,,
382,/Users/admin/Nutstore Files/我的坚果云/CODE/project/liangqin-skill/skill/liangqin-pricing/reports/addenda/designer-manual-2026-03-22/pdf-block-review-2026-03-24/page-images/page-382.png,158,99,5,8,False,,
383,/Users/admin/Nutstore Files/我的坚果云/CODE/project/liangqin-skill/skill/liangqin-pricing/reports/addenda/designer-manual-2026-03-22/pdf-block-review-2026-03-24/page-images/page-383.png,135,79,23,16,False,,
384,/Users/admin/Nutstore Files/我的坚果云/CODE/project/liangqin-skill/skill/liangqin-pricing/reports/addenda/designer-manual-2026-03-22/pdf-block-review-2026-03-24/page-images/page-384.png,83,37,14,11,False,,
385,/Users/admin/Nutstore Files/我的坚果云/CODE/project/liangqin-skill/skill/liangqin-pricing/reports/addenda/designer-manual-2026-03-22/pdf-block-review-2026-03-24/page-images/page-385.png,104,31,14,10,False,,
386,/Users/admin/Nutstore Files/我的坚果云/CODE/project/liangqin-skill/skill/liangqin-pricing/reports/addenda/designer-manual-2026-03-22/pdf-block-review-2026-03-24/page-images/page-386.png,32,11,4,4,False,,
387,/Users/admin/Nutstore Files/我的坚果云/CODE/project/liangqin-skill/skill/liangqin-pricing/reports/addenda/designer-manual-2026-03-22/pdf-block-review-2026-03-24/page-images/page-387.png,87,40,17,14,False,,
388,/Users/admin/Nutstore Files/我的坚果云/CODE/project/liangqin-skill/skill/liangqin-pricing/reports/addenda/designer-manual-2026-03-22/pdf-block-review-2026-03-24/page-images/page-388.png,11,9,1,2,False,,
389,/Users/admin/Nutstore Files/我的坚果云/CODE/project/liangqin-skill/skill/liangqin-pricing/reports/addenda/designer-manual-2026-03-22/pdf-block-review-2026-03-24/page-images/page-389.png,474,110,55,4,False,,
390,/Users/admin/Nutstore Files/我的坚果云/CODE/project/liangqin-skill/skill/liangqin-pricing/reports/addenda/designer-manual-2026-03-22/pdf-block-review-2026-03-24/page-images/page-390.png,40,64,15,14,False,,
391,/Users/admin/Nutstore Files/我的坚果云/CODE/project/liangqin-skill/skill/liangqin-pricing/reports/addenda/designer-manual-2026-03-22/pdf-block-review-2026-03-24/page-images/page-391.png,224,55,12,6,False,,
392,/Users/admin/Nutstore Files/我的坚果云/CODE/project/liangqin-skill/skill/liangqin-pricing/reports/addenda/designer-manual-2026-03-22/pdf-block-review-2026-03-24/page-images/page-392.png,256,86,16,8,False,,
393,/Users/admin/Nutstore Files/我的坚果云/CODE/project/liangqin-skill/skill/liangqin-pricing/reports/addenda/designer-manual-2026-03-22/pdf-block-review-2026-03-24/page-images/page-393.png,180,87,3,4,False,,
394,/Users/admin/Nutstore Files/我的坚果云/CODE/project/liangqin-skill/skill/liangqin-pricing/reports/addenda/designer-manual-2026-03-22/pdf-block-review-2026-03-24/page-images/page-394.png,221,47,39,8,False,,
395,/Users/admin/Nutstore Files/我的坚果云/CODE/project/liangqin-skill/skill/liangqin-pricing/reports/addenda/designer-manual-2026-03-22/pdf-block-review-2026-03-24/page-images/page-395.png,86,41,19,6,False,,
396,/Users/admin/Nutstore Files/我的坚果云/CODE/project/liangqin-skill/skill/liangqin-pricing/reports/addenda/designer-manual-2026-03-22/pdf-block-review-2026-03-24/page-images/page-396.png,232,67,35,3,False,,
397,/Users/admin/Nutstore Files/我的坚果云/CODE/project/liangqin-skill/skill/liangqin-pricing/reports/addenda/designer-manual-2026-03-22/pdf-block-review-2026-03-24/page-images/page-397.png,349,72,26,8,False,,
398,/Users/admin/Nutstore Files/我的坚果云/CODE/project/liangqin-skill/skill/liangqin-pricing/reports/addenda/designer-manual-2026-03-22/pdf-block-review-2026-03-24/page-images/page-398.png,295,84,22,6,False,,
399,/Users/admin/Nutstore Files/我的坚果云/CODE/project/liangqin-skill/skill/liangqin-pricing/reports/addenda/designer-manual-2026-03-22/pdf-block-review-2026-03-24/page-images/page-399.png,331,110,24,7,False,,
400,/Users/admin/Nutstore Files/我的坚果云/CODE/project/liangqin-skill/skill/liangqin-pricing/reports/addenda/designer-manual-2026-03-22/pdf-block-review-2026-03-24/page-images/page-400.png,203,55,10,2,False,,
401,/Users/admin/Nutstore Files/我的坚果云/CODE/project/liangqin-skill/skill/liangqin-pricing/reports/addenda/designer-manual-2026-03-22/pdf-block-review-2026-03-24/page-images/page-401.png,259,82,29,4,False,,
402,/Users/admin/Nutstore Files/我的坚果云/CODE/project/liangqin-skill/skill/liangqin-pricing/reports/addenda/designer-manual-2026-03-22/pdf-block-review-2026-03-24/page-images/page-402.png,238,138,75,1,False,,
403,/Users/admin/Nutstore Files/我的坚果云/CODE/project/liangqin-skill/skill/liangqin-pricing/reports/addenda/designer-manual-2026-03-22/pdf-block-review-2026-03-24/page-images/page-403.png,373,78,39,5,False,,
404,/Users/admin/Nutstore Files/我的坚果云/CODE/project/liangqin-skill/skill/liangqin-pricing/reports/addenda/designer-manual-2026-03-22/pdf-block-review-2026-03-24/page-images/page-404.png,279,99,21,4,False,,
405,/Users/admin/Nutstore Files/我的坚果云/CODE/project/liangqin-skill/skill/liangqin-pricing/reports/addenda/designer-manual-2026-03-22/pdf-block-review-2026-03-24/page-images/page-405.png,114,74,18,9,False,,
406,/Users/admin/Nutstore Files/我的坚果云/CODE/project/liangqin-skill/skill/liangqin-pricing/reports/addenda/designer-manual-2026-03-22/pdf-block-review-2026-03-24/page-images/page-406.png,48,13,8,7,False,,
407,/Users/admin/Nutstore Files/我的坚果云/CODE/project/liangqin-skill/skill/liangqin-pricing/reports/addenda/designer-manual-2026-03-22/pdf-block-review-2026-03-24/page-images/page-407.png,53,24,10,6,False,,
408,/Users/admin/Nutstore Files/我的坚果云/CODE/project/liangqin-skill/skill/liangqin-pricing/reports/addenda/designer-manual-2026-03-22/pdf-block-review-2026-03-24/page-images/page-408.png,50,30,7,7,False,,
409,/Users/admin/Nutstore Files/我的坚果云/CODE/project/liangqin-skill/skill/liangqin-pricing/reports/addenda/designer-manual-2026-03-22/pdf-block-review-2026-03-24/page-images/page-409.png,58,23,10,4,False,,
410,/Users/admin/Nutstore Files/我的坚果云/CODE/project/liangqin-skill/skill/liangqin-pricing/reports/addenda/designer-manual-2026-03-22/pdf-block-review-2026-03-24/page-images/page-410.png,64,21,12,5,False,,
411,/Users/admin/Nutstore Files/我的坚果云/CODE/project/liangqin-skill/skill/liangqin-pricing/reports/addenda/designer-manual-2026-03-22/pdf-block-review-2026-03-24/page-images/page-411.png,58,26,12,5,False,,
412,/Users/admin/Nutstore Files/我的坚果云/CODE/project/liangqin-skill/skill/liangqin-pricing/reports/addenda/designer-manual-2026-03-22/pdf-block-review-2026-03-24/page-images/page-412.png,34,10,9,8,False,,
413,/Users/admin/Nutstore Files/我的坚果云/CODE/project/liangqin-skill/skill/liangqin-pricing/reports/addenda/designer-manual-2026-03-22/pdf-block-review-2026-03-24/page-images/page-413.png,44,11,8,11,False,,
414,/Users/admin/Nutstore Files/我的坚果云/CODE/project/liangqin-skill/skill/liangqin-pricing/reports/addenda/designer-manual-2026-03-22/pdf-block-review-2026-03-24/page-images/page-414.png,50,11,8,9,False,,
415,/Users/admin/Nutstore Files/我的坚果云/CODE/project/liangqin-skill/skill/liangqin-pricing/reports/addenda/designer-manual-2026-03-22/pdf-block-review-2026-03-24/page-images/page-415.png,44,9,6,8,False,,
416,/Users/admin/Nutstore Files/我的坚果云/CODE/project/liangqin-skill/skill/liangqin-pricing/reports/addenda/designer-manual-2026-03-22/pdf-block-review-2026-03-24/page-images/page-416.png,44,5,7,8,False,,
417,/Users/admin/Nutstore Files/我的坚果云/CODE/project/liangqin-skill/skill/liangqin-pricing/reports/addenda/designer-manual-2026-03-22/pdf-block-review-2026-03-24/page-images/page-417.png,52,9,7,9,False,,
418,/Users/admin/Nutstore Files/我的坚果云/CODE/project/liangqin-skill/skill/liangqin-pricing/reports/addenda/designer-manual-2026-03-22/pdf-block-review-2026-03-24/page-images/page-418.png,86,18,10,6,False,,
419,/Users/admin/Nutstore Files/我的坚果云/CODE/project/liangqin-skill/skill/liangqin-pricing/reports/addenda/designer-manual-2026-03-22/pdf-block-review-2026-03-24/page-images/page-419.png,260,81,6,3,False,,
420,/Users/admin/Nutstore Files/我的坚果云/CODE/project/liangqin-skill/skill/liangqin-pricing/reports/addenda/designer-manual-2026-03-22/pdf-block-review-2026-03-24/page-images/page-420.png,48,18,2,6,False,,
421,/Users/admin/Nutstore Files/我的坚果云/CODE/project/liangqin-skill/skill/liangqin-pricing/reports/addenda/designer-manual-2026-03-22/pdf-block-review-2026-03-24/page-images/page-421.png,72,39,11,10,False,,
422,/Users/admin/Nutstore Files/我的坚果云/CODE/project/liangqin-skill/skill/liangqin-pricing/reports/addenda/designer-manual-2026-03-22/pdf-block-review-2026-03-24/page-images/page-422.png,194,48,10,6,False,,
423,/Users/admin/Nutstore Files/我的坚果云/CODE/project/liangqin-skill/skill/liangqin-pricing/reports/addenda/designer-manual-2026-03-22/pdf-block-review-2026-03-24/page-images/page-423.png,229,59,12,6,False,,
424,/Users/admin/Nutstore Files/我的坚果云/CODE/project/liangqin-skill/skill/liangqin-pricing/reports/addenda/designer-manual-2026-03-22/pdf-block-review-2026-03-24/page-images/page-424.png,6,17,12,16,False,,
425,/Users/admin/Nutstore Files/我的坚果云/CODE/project/liangqin-skill/skill/liangqin-pricing/reports/addenda/designer-manual-2026-03-22/pdf-block-review-2026-03-24/page-images/page-425.png,138,63,8,8,False,,
426,/Users/admin/Nutstore Files/我的坚果云/CODE/project/liangqin-skill/skill/liangqin-pricing/reports/addenda/designer-manual-2026-03-22/pdf-block-review-2026-03-24/page-images/page-426.png,86,43,7,5,False,,
427,/Users/admin/Nutstore Files/我的坚果云/CODE/project/liangqin-skill/skill/liangqin-pricing/reports/addenda/designer-manual-2026-03-22/pdf-block-review-2026-03-24/page-images/page-427.png,0,0,0,0,True,,
