landing_id,source_data_point_id,machine_status,baseline_decision,conflict_status,landing_confidence,risk_level,landing_action,suggested_module,source_title,source_page,topic,machine_reason,old_rule_match_count,old_rule_titles
landing-rule-0034,data-point-0034,active_new_baseline_candidate,new_rule_addition,no_old_overlap,high,P0-影响安全/安装,接入报价前追问/拦截,precheck_quote:safety_or_install_gate,轨道插座电源标准,1,•装有轨道插座的柜体，设计时需考虑轨道电源，电力轨道带有3m长电源线，线材规格3×1.5mm²，黑色，插头为国标三孔10A 250V。为保,新版高置信追问/拦截规则，未发现旧版相近规则，可进入自动接入队列。,0,
landing-rule-0009,data-point-0009,conflict_paused,requires_formula_tests,money_rule_paused,high,P0-影响金额,接入报价计算,pricing_calculation:bed_or_soft_package_adjustment,软包床头,1,•软包床设计要点: •华夫格软包床头：软包部分不可拆卸，软包内部结构固定板为18mmE0级多层板，需明确告知用户； •可选材质:接触面真皮：焦糖橘、高贵咖、经典墨绿；设计时应在合同中备注颜色，并截图手册附于合同中； •软包床头可以搭配任意一,金额规则影响收费，必须补公式字段和金额回归测试后再激活。,0,
landing-rule-0002,data-point-0002,conflict_paused,requires_formula_tests,money_rule_paused,high,P0-影响金额,接入报价计算,pricing_calculation:cabinet_structure_adjustment,天地铰链铝框门,1,天地铰链铝框门 •尺寸限制：305mm≤高度≤2200mm，180mm≤宽度≤500mm •门板厚度：26mm •门边框宽度：26mm •门边框颜色：黑色\金色，需备注；可定制银色\白色\红色，需提前询问工厂 •开启方式：拉手开启 •特殊要,金额规则影响收费，必须补公式字段和金额回归测试后再激活。,5,只适用天地铰链 | 针式铰链铝框门尺寸限制 | 铝框岩板门尺寸限制 | 拱形藤编门尺寸限制 | 藤编门尺寸限制
landing-rule-0155,data-point-0155,conflict_paused,requires_formula_tests,money_rule_paused,high,P0-影响金额,接入报价计算,pricing_calculation:door_panel_adjustment,穿衣镜,2,•隐形穿衣镜：安装于拼框门后，需另外收费，见《报价原则》 •穿衣镜距门边≥10mm，需避让铰链，拼框门门宽要求≥380mm； •如门后安装隐形穿衣镜，立板、层板等柜内板避让内缩25mm •建议安装位置距地面750-900mm •穿衣镜产品信,金额规则影响收费，必须补公式字段和金额回归测试后再激活。,0,
landing-rule-0406,data-point-0406,active_new_baseline_candidate,new_rule_addition,no_old_overlap,high,P0-影响安全/安装,接入报价前追问/拦截,precheck_quote:safety_or_install_gate,轨道插座电源标准,2,•设计时需考虑插座位置，建议插座面板放置于柜体背板后侧便于隐藏电源走线； •有插座面板处的背板及走线处背板需内退，注意插座或走线与柜体板冲突时需避让； •背板内退距离=面板厚度+电源插头30。注意：需要测量客户家插座面板厚度电源位置避让 插,新版高置信追问/拦截规则，未发现旧版相近规则，可进入自动接入队列。,0,
landing-rule-0099,data-point-0099,conflict_paused,requires_formula_tests,money_rule_paused,high,P0-影响金额,接入报价计算,pricing_calculation:cabinet_structure_adjustment,特殊抽屉滑轨,1,•当有特殊需求时，可使用特殊抽屉滑轨，特殊抽屉滑轨有：海蒂诗侧 滑轨、海蒂诗全拉出托底轨、海蒂诗反弹托底轨、海蒂诗反弹回收托 底轨； •海蒂诗反弹回收托底轨默认用于黑鸟书柜，不额外收费，常规柜体中 使用海蒂诗反弹回收托底轨需额外收费，收费标,金额规则影响收费，必须补公式字段和金额回归测试后再激活。,0,
landing-rule-0027,data-point-0027,conflict_paused,requires_formula_tests,money_rule_paused,high,P0-影响金额,接入报价计算,pricing_calculation:door_panel_adjustment,极窄斜边拼框门,2,"极窄斜边拼框门 •该门型无法做玻璃门 •使用扣手开启时,需注意为对凹槽扣手形式，此时侧门边宽度为70mm，外露40mm •总边宽计算方法：边宽60mm+拉手延伸尺寸，拉手延伸的尺寸：对开拉手=10mm，单开拉手=20mm 对开门扣手开启正视",金额规则影响收费，必须补公式字段和金额回归测试后再激活。,0,
landing-rule-0151,data-point-0151,active_new_baseline_candidate,new_rule_addition,no_old_overlap,high,P0-影响安全/安装,接入报价前追问/拦截,precheck_quote:safety_or_install_gate,轨道插座电源标准,1,•装有轨道插座的柜体，设计时需考虑轨道电源，电力轨道带有3m长电源线，线材规格3×1.5mm²，黑色，插头为国标三孔10A 250V。为保 证使用安全，设计阶段请明确告知客户预留插座，如客户家中插座与家具位置相距较远，务必与客户沟通并建议其,新版高置信追问/拦截规则，未发现旧版相近规则，可进入自动接入队列。,0,
landing-rule-0069,data-point-0069,active_new_baseline_candidate,new_rule_addition,no_old_overlap,high,P0-影响安全/安装,接入报价前追问/拦截,precheck_quote:safety_or_install_gate,悬空电视柜,1,悬空电视柜 悬空支架（隐藏支架） 内空高•尺寸限制：柜体无长度限制，单板件长度＞2600mm时必须断开；内空高度≥105mm；柜体深度D≤430mm •支架为悬空支架，悬空支架一般用在悬空电视柜与挂墙桌上使用，使用该五金配件时，需要固定在承,新版高置信追问/拦截规则，未发现旧版相近规则，可进入自动接入队列。,0,
landing-rule-0168,data-point-0168,active_new_baseline_candidate,new_overrides_old_after_tests,old_overlap_shadow_required,high,P0-影响安全/安装,接入报价前追问/拦截,precheck_quote:safety_or_install_gate,挂墙桌,1,该类书桌必须固定在承重墙上;无需与其他柜体固定订制注意事项： 1.订制可改桌面边角; 2.桌面厚度不可更改，仅可调整抽屉尺寸，抽屉高度最小110mm； 3.若作为书桌或梳妆台等需考虑桌下容腿空间，柜体下沿距地建 议≥580mm。 订制款：,新版高置信追问/拦截规则可自动推进；存在旧版相近规则，需 shadow 和回归测试后覆盖。,3,2000*900*780 订制款： 长度≤2000mm 宽度≤900mm其他桌 该类书桌必须固定在承重墙上;无需与其他柜体固定订制注意事项： | 若作为书桌或梳妆台等需考虑桌下容腿空间，柜体下沿距地建 | 桌面厚度不可更改，仅可调整抽屉尺寸，抽屉高度最小110mm；
landing-rule-0144,data-point-0144,active_new_baseline_candidate,new_overrides_old_after_tests,old_overlap_shadow_required,high,P0-影响安全/安装,接入报价前追问/拦截,precheck_quote:safety_or_install_gate,下翻门,1,下翻门（安全阻尼器） •门板面积（㎡）*门高H≤0.2 •开启方式：可抠手开启、五金拉手开启 •尺寸限制：门长度≤1040mm，真格栅下翻门门长度＞765mm时需加竖撑 拼框门高度≤560mm；横纹平板下翻门高度≤500mm，门高＞450m,新版高置信追问/拦截规则可自动推进；存在旧版相近规则，需 shadow 和回归测试后覆盖。,4,可推弹开启、抠手开启、拉手 | 可铣型拉手开启、五金拉手 | 可抠手开启、五金拉手 | 10mm；边框可选择无斜边，默认有，无斜边需要备注；
landing-rule-0691,data-point-0691,active_new_baseline_candidate,new_overrides_old_after_tests,old_overlap_shadow_required,high,P0-影响安全/安装,接入报价前追问/拦截,precheck_quote:safety_or_install_gate,电动举升器,1,电动举升器 床垫重量应≤50kg，设计时需考虑客户家床垫重量。 电动举升器完全打开后可达27°大开角，取放方便。 安装空间要求：内空长度≥1350mm 内空高度≥205mm。 每个电动举升器配有1个电源、1个开关接收器、一个遥控器。 床箱内,新版高置信追问/拦截规则可自动推进；存在旧版相近规则，需 shadow 和回归测试后覆盖。,1,床垫重量应≤50kg，设计时需考虑客户家床垫重量，如床垫超重可使用两套750N举升器，下单时需备注。
landing-rule-0074,data-point-0074,active_new_baseline_candidate,new_rule_addition,no_old_overlap,high,P0-影响安全/安装,接入报价前追问/拦截,precheck_quote:safety_or_install_gate,活动层板,3,•为避免活动层板挪开后的边角对接处外露产生的安全风险，圆边开放柜体中的活动层板 默认内退10mm，该活动层板外缘默认跟随柜框边角，边角特殊要求需备注。 •如图2-59，因需避让铰链，活动层板距离固定层的上下间距≤180mm不能打排孔。 •如,新版高置信追问/拦截规则，未发现旧版相近规则，可进入自动接入队列。,0,
landing-rule-0299,data-point-0299,active_new_baseline_candidate,new_rule_addition,no_old_overlap,high,P0-影响安全/安装,接入报价前追问/拦截,precheck_quote:safety_or_install_gate,GB 28007-2024 婴幼儿及儿童家具安全技术规范,32,"栏板处开一个供进出床铺面的缺口;要么设置的进出缺口正对位置有一个符合本文件规定的 楼梯平台(进出平台)。非住宅用产品,与建筑物相连接的一侧可无安全栏板,但制造商应在产 品和使用说明中有符合本文件规定的警示标识。 b) 安全栏板的顶边与上层床",新版高置信追问/拦截规则，未发现旧版相近规则，可进入自动接入队列。,0,
landing-rule-0428,data-point-0428,active_new_baseline_candidate,new_rule_addition,no_old_overlap,high,P0-影响安全/安装,接入报价前追问/拦截,precheck_quote:safety_or_install_gate,GB 28007-2024 婴幼儿及儿童家具安全技术规范,38,"面时,应将这些撑杆拆除。",新版高置信追问/拦截规则，未发现旧版相近规则，可进入自动接入队列。,0,
landing-rule-0065,data-point-0065,active_new_baseline_candidate,new_rule_addition,no_old_overlap,high,P0-影响安全/安装,接入报价前追问/拦截,precheck_quote:safety_or_install_gate,岩板柜,1,•岩板作为台面，边角默认为直边安全角，其他边角需备注；边 角详细尺寸见：“岩板” •当与圆边柜体连接时，可使用R10圆角与圆边柜体相接，也可 使用直角安全角。 •使用内斜边时，应注意岩板需外飘处理与柜体连接。 •岩板做台面时，下有木框架支撑,新版高置信追问/拦截规则，未发现旧版相近规则，可进入自动接入队列。,0,
landing-rule-0010,data-point-0010,paused_unverified,requires_formula_tests,money_rule_paused,high,P1-影响能否下单,接入报价计算,pricing_calculation:cabinet_structure_adjustment,模块卡座书柜定制设计指引,3,高柜模块 高柜设计要求： •高柜宽度限制：单模块 W=700~900mm 双模块 W=1400 -1800mm •高柜高度限制： H=1800 或2000mm •高柜深度限制： D≤300mm •所有高柜模块均只有最下排开放区有背板 (不可,金额候选规则先暂停，等待机器生成公式字段和金额测试。,0,
landing-rule-0079,data-point-0079,paused_unverified,requires_formula_tests,money_rule_paused,high,P1-影响能否下单,接入报价计算,pricing_calculation:cabinet_structure_adjustment,圆弧侧板,1,圆弧侧板 •圆弧R=50mm不可做其他弧度；柜体高度≤2600mm时可自行分段或不分段，＞2600mm时需要随柜体断开，选用圆弧侧板的时候挡条应为弧形 挡条； 顶部岩板 也为弧形 圆弧侧板俯视尺寸图挡条需≥50mm， 挡条牙称外露需≥15m,金额候选规则先暂停，等待机器生成公式字段和金额测试。,0,
landing-rule-0122,data-point-0122,paused_unverified,requires_formula_tests,money_rule_paused,high,P1-影响能否下单,接入报价计算,pricing_calculation:door_panel_adjustment,藤编门,1,藤编门/拱形藤编门 •尺寸限制：单扇门宽≤560mm，门高≤2300mm；藤面高度每700mm需加一根 暗称 •门板厚度：22mm •门边框宽度：60mm（外露30mm） •开启方式：可推弹开启、拉手开启。 •特殊要求：藤编门门边框均为45,金额候选规则先暂停，等待机器生成公式字段和金额测试。,5,拱形玻璃门尺寸限制 | 胶囊玻璃门尺寸限制 | 拱形藤编门尺寸限制 | 藤编门尺寸限制 | 可推弹开启、抠手开启、拉手
landing-rule-0369,data-point-0369,paused_unverified,requires_formula_tests,money_rule_paused,high,P1-影响能否下单,接入报价计算,pricing_calculation:door_panel_adjustment,针式铰链铝框门,1,针式铰链铝框门 •尺寸限制：305mm≤高度≤3000mm，180mm≤宽度≤500mm •门板厚度：扣手及铰链处厚36mm，其余厚22mm •门边框宽度：上下门框宽31，左右门框宽29 •门边框颜色：黑色\金色，需备注；可定制银色\白色\,金额候选规则先暂停，等待机器生成公式字段和金额测试。,5,背板和层板需要自攻螺丝固定 | 针式铰链铝框门尺寸限制 | 可推弹开启、抠手开启、拉手 | 平板与层板之间的放鞋空区处，需根据客户家鞋类的具体情况自行判断，需在图纸上标注尺寸. 贴纸粘贴在中间位置，脚踢贴纸位置，弹出使用H W侧视尺寸图抽 面 穿带平板静音条 背 板 | 可推弹开启、拉手
landing-rule-0067,data-point-0067,paused_unverified,requires_formula_tests,money_rule_paused,high,P1-影响能否下单,接入报价计算,pricing_calculation:cabinet_structure_adjustment,无底板柜,2,•无底板柜进深须≤700mm，两侧立板为平板穿带结构，穿带可在内侧或外侧，由封板遮挡，封板宽度≥30mm。如柜体进深＞700mm，则分为前 后两柜设计。 •柜内空区（两侧板之间尺寸）长度≤1200mm，柜内空区长度＞1000mm时，需加钢管,金额候选规则先暂停，等待机器生成公式字段和金额测试。,2,可推弹开启、抠手开启、拉手 | 30mm，不可安装于其他位置。
landing-rule-0048,data-point-0048,paused_unverified,requires_formula_tests,money_rule_paused,high,P1-影响能否下单,接入报价计算,pricing_calculation:cabinet_structure_adjustment,纹理连续说明,5,•竖向纹理侧板连纹：纹理方向高度≤2600mm 时，侧板为整板，如上下侧板中间有横板， 纹理不连续；纹理方向高度＞2600mm时，侧 板分段，纹理不连续。•像素格书柜门板均需附加能够显示纹理 方向的材质图且备注“门板为竖纹/横 纹”，无备注,金额候选规则先暂停，等待机器生成公式字段和金额测试。,0,
landing-rule-0082,data-point-0082,paused_unverified,requires_formula_tests,money_rule_paused,high,P1-影响能否下单,接入报价计算,pricing_calculation:cabinet_structure_adjustment,挡条,4,圆弧挡条——门板内嵌 •当门板内嵌时，根据挡条章节按要求预留尺寸； •圆弧挡条：前挡条及两侧挡条厚度22mm，弧形挡条尺寸48*48，挡条厚度22mm，20mm≤宽度≤120mm。在图纸中应标注为红色； 48 50 48 50 R=48 顶,金额候选规则先暂停，等待机器生成公式字段和金额测试。,4,窄边风格拆装时门盖牙称与顶挡条最少留出15mm | 可推弹开启、抠手开启、拉手 | 60mm以下不能做居中圆扣手。 | 无背板柜体需要安装拉条用膨胀螺丝与墙体固定
landing-rule-0105,data-point-0105,paused_unverified,requires_formula_tests,money_rule_paused,high,P1-影响能否下单,接入报价计算,pricing_calculation:cabinet_structure_adjustment,平开门说明,2,铰 链 所 在 边铰 链 所 在 边上门 边上门 边 上门边 ≤1.5 铰链所在边进行平开门的设计时，需注意一些特殊要求，分列如下： 1.门板长宽比例不易过大，比例过大时，会使铰链负荷过大而造成铰链螺丝脱落或门板下沉。示例图及公式可见图3-,金额候选规则先暂停，等待机器生成公式字段和金额测试。,1,会使铰链负荷过大而造成铰链
landing-rule-0249,data-point-0249,paused_unverified,requires_formula_tests,money_rule_paused,high,P1-影响能否下单,接入报价计算,pricing_calculation:cabinet_structure_adjustment,挡条,3,圆弧挡条——门板盖顶挡条 •当门板盖顶挡条时，建议外露15mm，具体情况具体分析； •圆弧挡条：前挡条厚度22mm，两侧挡条前方需要避让圆弧立柱，厚度28mm，20mm≤宽度≤120mm，使用连接件与柜体连接。 在图纸中应标注为红色； 顶正,金额候选规则先暂停，等待机器生成公式字段和金额测试。,3,窄边风格拆装时门盖牙称与顶挡条最少留出15mm | 可推弹开启、抠手开启、拉手 | 60mm以下不能做居中圆扣手。
landing-rule-0157,data-point-0157,paused_unverified,requires_formula_tests,money_rule_paused,high,P1-影响金额候选,接入报价计算,pricing_calculation:cabinet_structure_adjustment,模块化儿童床设计要求,4,a)除标准模块中已有的围栏、孔洞、开口设计，请勿随意设计其他样式，如有需求请填写至需求表格；,金额候选规则先暂停，等待机器生成公式字段和金额测试。,1,a)除标准模块中已有的围栏、孔洞、开口设计，请勿随意设计其他样式，如有需求请填写至需求表格；
landing-rule-0158,data-point-0158,paused_unverified,requires_formula_tests,money_rule_paused,high,P1-影响金额候选,接入报价计算,pricing_calculation:cabinet_structure_adjustment,模块化儿童床设计要求,11,600mm需分为2个抽屉；,金额候选规则先暂停，等待机器生成公式字段和金额测试。,1,600mm需分为2个抽屉；
landing-rule-0227,data-point-0227,paused_unverified,requires_formula_tests,money_rule_paused,high,P1-影响合同备注,接入报价计算,pricing_calculation:cabinet_structure_adjustment,常规拆装柜体,7,无背板/常规背板，常用于卡座书柜、储物柜等常规拆装柜体-超深柜体分段示例 单个柜体的柜体板件深度＞700mm时为超深整体柜，前后须分段，断开方式为分缝断开；也可由单体柜组合成超深柜体，下单时请注明，无备注 默认做整体柜。以下为几种常见超深整,金额候选规则先暂停，等待机器生成公式字段和金额测试。,2,常规拆装柜体牙称常用50/80mm，允许范围50-250mm | 常规拆装柜体高度≤1700mm默认顶盖侧，＞1700mm默认侧盖顶
landing-rule-0505,data-point-0505,paused_unverified,requires_formula_tests,money_rule_paused,high,P1-影响金额候选,接入报价计算,pricing_calculation:cabinet_structure_adjustment,常规拆装柜体,9,多组单体柜组合为超高柜体 多组单体柜组合为超深柜体A柜 B柜A柜 B柜A柜B柜A柜 B柜,金额候选规则先暂停，等待机器生成公式字段和金额测试。,2,常规拆装柜体牙称常用50/80mm，允许范围50-250mm | 常规拆装柜体高度≤1700mm默认顶盖侧，＞1700mm默认侧盖顶
landing-rule-0136,data-point-0136,paused_unverified,requires_formula_tests,money_rule_paused,high,P1-影响能否下单,接入报价计算,pricing_calculation:general_adjustment,吊轨门,1,吊轨门 •该门型常用于小型步入式衣帽间组合 •五金承重最大30kg，设计时请勿超出此重量 •600mm≤门宽≤1200mm；门高≤2300mm；门厚26mm •轨道分为上/下轨道，上轨道安装吊轮，吊轮使用双阻尼 •上轨道安装所需空间单轨需≥,金额候选规则先暂停，等待机器生成公式字段和金额测试。,2,可推弹开启、抠手开启、拉手 | 默认双边居中内扣拉手
landing-rule-0543,data-point-0543,paused_unverified,requires_formula_tests,money_rule_paused,high,P1-影响金额候选,接入报价计算,pricing_calculation:door_panel_adjustment,吊轨门,2,•轨道两侧需要有东西遮轨道 •下轨道需在门板下方开槽安装轨道 •吊轨门门板结构为拼框结构，门框宽度70mm L W（W=L/2+20) 门板宽度W=L/2+20两侧需要有东西遮挡防止两侧轨道外露 门板下方开槽,金额候选规则先暂停，等待机器生成公式字段和金额测试。,0,
landing-rule-0437,data-point-0437,active_new_baseline_candidate,new_overrides_old_after_tests,old_overlap_shadow_required,high,P1-影响能否下单,接入报价前追问/拦截,precheck_quote:dimension_or_limit_gate,抽拉床,1,抽拉床 •尺寸限制:整体W≤2000mm，床身主体W1≤1200，拉出尺寸：W2≤800 •排骨架尺寸：排骨架宽度根据长L度均分；宽度≈80mm，之间缝隙为1.5mm •可定制抽屉款抽拉床，不可做箱体抽拉床 固定床架宽度 W1 W1≤120,新版高置信追问/拦截规则可自动推进；存在旧版相近规则，需 shadow 和回归测试后覆盖。,5,可推弹开启、抠手开启、拉手 | 可推弹开启、拉手 | 2000*900*780 订制款： 长度≤2000mm 宽度≤900mm其他桌 该类书桌必须固定在承重墙上;无需与其他柜体固定订制注意事项： | 长拉手长度1100mm，可靠下安装，距边30mm，不可安装于其他位置 | 30mm，不可安装于其他位置。
landing-rule-0124,data-point-0124,active_new_baseline_candidate,new_overrides_old_after_tests,old_overlap_shadow_required,high,P1-影响能否下单,接入报价前追问/拦截,precheck_quote:dimension_or_limit_gate,真格栅门,1,真格栅门 •尺寸限制：单扇门宽≤560mm，门高≤2300mm •门板厚度：26mm •门边框宽度：60mm（含斜切边），腰称宽度：65mm •开启方式：可推弹开启、抠手开启、拉手开启。 •适用铰链：铰链均可适用。内嵌门铰链称宽度需≥100,新版高置信追问/拦截规则可自动推进；存在旧版相近规则，需 shadow 和回归测试后覆盖。,5,超高拼框木门尺寸限制 | 拱形玻璃门尺寸限制 | 胶囊玻璃门尺寸限制 | 超高拼框玻璃门尺寸限制 | 拱形藤编门尺寸限制
landing-rule-0358,data-point-0358,active_new_baseline_candidate,new_overrides_old_after_tests,old_overlap_shadow_required,high,P1-影响能否下单,接入报价前追问/拦截,precheck_quote:dimension_or_limit_gate,骨骼线门板,1,•尺寸限制：单扇门宽≤450mm，高度≤2300mm •门板厚度：20mm •穿带避让尺寸*：20mm/30mm •开启方式：可推弹开启、拉手开启；拉手尺寸：40*20 •特殊要求：拉手不可安装在上下，只能安装在左右 •适用铰链：所有铰链均,新版高置信追问/拦截规则可自动推进；存在旧版相近规则，需 shadow 和回归测试后覆盖。,5,拱形藤编门尺寸限制 | 藤编门尺寸限制 | 可推弹开启、抠手开启、拉手 | 50*20mm，默认门盖拉条，如需抽屉盖拉条须备注，注意会影响抽盒高度。 | 可推弹开启、拉手
landing-rule-0433,data-point-0433,active_new_baseline_candidate,new_rule_addition,no_old_overlap,high,P1-影响能否下单,接入报价前追问/拦截,precheck_quote:dimension_or_limit_gate,小蜻蜓举升器,1,所有箱体床，包括符合安装要求的侧翻床、儿童床，均使用SUSPA小蜻蜓举升器 注意事项： 1.内空要求H≥196mm；内空长度L≥950mm；内空长度L≤600mm时可使用榻榻米盖板；内空长度600＜L＜ 950mm时不可做可开启床屉板。 2,新版高置信追问/拦截规则，未发现旧版相近规则，可进入自动接入队列。,0,
landing-rule-0088,data-point-0088,active_new_baseline_candidate,new_overrides_old_after_tests,old_overlap_shadow_required,high,P1-影响能否下单,接入报价前追问/拦截,precheck_quote:dimension_or_limit_gate,平板背板,2,•9mm竖纹平板背板(整装柜体) •尺寸限制:内空高度H≤2400mm，超过800需要加横撑； 当内空宽度W≤360mm时，为一整块背板； 当W＞360mm时需断开，且单块背板宽度L≤260mm； •适用范围:除有横向狭长背板的小件家具外的,新版高置信追问/拦截规则可自动推进；存在旧版相近规则，需 shadow 和回归测试后覆盖。,1,背板和层板需要自攻螺丝固定
landing-rule-0089,data-point-0089,active_new_baseline_candidate,new_overrides_old_after_tests,old_overlap_shadow_required,high,P1-影响能否下单,接入报价前追问/拦截,precheck_quote:dimension_or_limit_gate,平板背板,3,H WL•15mm竖纹平板背板(拆装柜体) •背板可通顶或者分段使用； •分段背板承重性更好，与层板之间不容易漏缝； •层板间距＞1700时，背板与层板需要自攻螺丝固定； •尺寸限制： 内空高度H≤2400mm 当内空宽度W≤360mm时为,新版高置信追问/拦截规则可自动推进；存在旧版相近规则，需 shadow 和回归测试后覆盖。,1,背板和层板需要自攻螺丝固定
landing-rule-0090,data-point-0090,active_new_baseline_candidate,new_overrides_old_after_tests,old_overlap_shadow_required,high,P1-影响能否下单,接入报价前追问/拦截,precheck_quote:dimension_or_limit_gate,平板背板,6,"•15mm竖纹平装平板背板(拆装柜体)； •背板可通顶或者分段使用,背板与层板无需自攻螺丝固定； •尺寸限制： 内空高度H≤1700mm 当内空宽度W≤360mm时为一整块背板 当W＞360mm时需要断开，且单块背板宽度L≤260mm；平板",新版高置信追问/拦截规则可自动推进；存在旧版相近规则，需 shadow 和回归测试后覆盖。,1,背板和层板需要自攻螺丝固定
landing-rule-0097,data-point-0097,active_new_baseline_candidate,new_overrides_old_after_tests,old_overlap_shadow_required,high,P1-影响能否下单,接入报价前追问/拦截,precheck_quote:dimension_or_limit_gate,托盘抽,1,托盘抽 •托盘抽主要用于书桌键盘抽、储物柜/餐边柜拉出平台等； •抽面厚度：22mm •尺寸限制：66mm≤抽面高度H≤128mm；抽面上沿至托盘上沿高差20mm≤C≤60mm；抽面长度L≤1050mm •承重：30Kg •开启方式：可使用,新版高置信追问/拦截规则可自动推进；存在旧版相近规则，需 shadow 和回归测试后覆盖。,5,托盘抽尺寸与开启方式限制 | 可推弹开启、抠手开启、拉手 | 50*20mm，默认门盖拉条，如需抽屉盖拉条须备注，注意会影响抽盒高度。 | 可推弹开启、拉手 | 可使用扣手、明装拉手
landing-rule-0120,data-point-0120,active_new_baseline_candidate,new_overrides_old_after_tests,old_overlap_shadow_required,high,P1-影响能否下单,接入报价前追问/拦截,precheck_quote:dimension_or_limit_gate,极窄斜边拼框门,1,"极窄斜边拼框门 •尺寸限制：单扇门宽W≤500mm；高H≤2200mm •门板厚度：门厚28mm •门边框宽度：外露30mm（斜切边:25mm,外露平边5mm），边宽60mm •开启方式：可推弹开启；扣手开启 •门板结构：45°斜角拼接 •",新版高置信追问/拦截规则可自动推进；存在旧版相近规则，需 shadow 和回归测试后覆盖。,5,可推弹开启、抠手开启、拉手 | 可推弹开启、拉手 | 40mm≤W≤60mm，默认40mm，有其他临近平开门边框为60mm时可调为60mm； | 可抠手开启、五金拉手 | 长拉手长度1100mm，可靠下安装，距边30mm，不可安装于其他位置
landing-rule-0349,data-point-0349,active_new_baseline_candidate,new_overrides_old_after_tests,old_overlap_shadow_required,high,P1-影响能否下单,接入报价前追问/拦截,precheck_quote:dimension_or_limit_gate,超大带轮抽屉,1,超大带轮抽屉 •超大带轮抽屉为床下落地抽屉；抽盒板厚20mm；抽底为拼框结构 •抽面厚度：22mm •尺寸限制： 抽面长度建议小于700mm；抽屉总进深建议不大于1200mm；抽面高度≤350mm 设计时应考虑抽屉开启时空间是否足够以及拉动,新版高置信追问/拦截规则可自动推进；存在旧版相近规则，需 shadow 和回归测试后覆盖。,4,50*20mm，默认门盖拉条，如需抽屉盖拉条须备注，注意会影响抽盒高度。 | 可使用扣手、明装拉手 | 可使用明装拉手 | 长拉手长度1100mm，可靠下安装，距边30mm，不可安装于其他位置
landing-rule-0286,data-point-0286,active_new_baseline_candidate,new_overrides_old_after_tests,old_overlap_shadow_required,high,P1-影响能否下单,接入报价前追问/拦截,precheck_quote:required_note_or_confirmation_gate,抽屉锁,6,机械抽屉锁 •普通锁使用钥匙开启，颜色可选黑色、镍色，使用时应备注及附图； •注意使用普通锁时抽屉无法使用通长扣手；可选择靠左、靠右、居中安装； •带锁抽屉上方必须要有层板或≥50宽的拉条； •普通锁仅可用于锁住一个抽屉，不可联排锁定； •,新版高置信追问/拦截规则可自动推进；存在旧版相近规则，需 shadow 和回归测试后覆盖。,1,无背板柜体需要安装拉条用膨胀螺丝与墙体固定
landing-rule-0023,data-point-0023,active_new_baseline_candidate,new_overrides_old_after_tests,old_overlap_shadow_required,high,P1-影响能否下单,接入报价前追问/拦截,precheck_quote:dimension_or_limit_gate,百川门,1,百川门 •尺寸限制：单扇门宽≤550mm，高度≤2400mm •门板厚度：22mm •穿带避让尺寸：无需避让 •开启方式：该门型开启方式为按弹开启、拉手开启（建议搭配 弦月拉手使用）、铣型扣手开启、（可做推拉门）推拉开启。 •特殊要求：百川,新版高置信追问/拦截规则可自动推进；存在旧版相近规则，需 shadow 和回归测试后覆盖。,5,拱形藤编门尺寸限制 | 藤编门尺寸限制 | 可推弹开启、抠手开启、拉手 | 50*20mm，默认门盖拉条，如需抽屉盖拉条须备注，注意会影响抽盒高度。 | 可推弹开启、拉手
landing-rule-0030,data-point-0030,active_new_baseline_candidate,new_rule_addition,no_old_overlap,high,P1-影响能否下单,接入报价前追问/拦截,precheck_quote:dimension_or_limit_gate,外悬推拉门（木门）,1,外悬推拉门（木门） 拼框门门边框接缝处需有木条覆盖该门型由直边拼框门+木条组合而成•该门型由直边拼框门+木条组合而成，木条后拼框门需遵循常规拼框门尺寸限制等要求。 •门厚37/41mm，木条厚度15mm，木条宽度15mm，木条间隙可根据门宽,新版高置信追问/拦截规则，未发现旧版相近规则，可进入自动接入队列。,0,
landing-rule-0108,data-point-0108,active_new_baseline_candidate,new_overrides_old_after_tests,old_overlap_shadow_required,high,P1-影响能否下单,接入报价前追问/拦截,precheck_quote:required_note_or_confirmation_gate,飞瀑门,1,•尺寸限制：单扇门宽≤500mm，宽度＞450mm时，需两块拼接（外 观有中缝），高度≤2300mm •门板厚度：20mm •穿带避让尺寸*：20mm/30mm •开启方式：可推弹开启、抠手开启、拉手开启。无备注无标注时 默认为推弹开启，其,新版高置信追问/拦截规则可自动推进；存在旧版相近规则，需 shadow 和回归测试后覆盖。,5,针式铰链铝框门尺寸限制 | 铝框岩板门尺寸限制 | 超高拼框木门尺寸限制 | 拱形玻璃门尺寸限制 | 胶囊玻璃门尺寸限制
landing-rule-0110,data-point-0110,active_new_baseline_candidate,new_overrides_old_after_tests,old_overlap_shadow_required,high,P1-影响能否下单,接入报价前追问/拦截,precheck_quote:dimension_or_limit_gate,竖向拉线门,1,竖向拉线门 •竖向拉线门是在飞瀑门基础上铣型而成的柜门 •尺寸限制：单扇门宽≤500mm，宽度＞450mm时，需两块拼接，高 度≤2300mm •门板厚度：20mm •穿带避让尺寸：20mm/30mm •开启方式：可推弹开启、抠手开启。无备,新版高置信追问/拦截规则可自动推进；存在旧版相近规则，需 shadow 和回归测试后覆盖。,5,拱形藤编门尺寸限制 | 藤编门尺寸限制 | 可推弹开启、抠手开启、拉手 | 50*20mm，默认门盖拉条，如需抽屉盖拉条须备注，注意会影响抽盒高度。 | 可推弹开启、拉手
landing-rule-0119,data-point-0119,active_new_baseline_candidate,new_overrides_old_after_tests,old_overlap_shadow_required,high,P1-影响能否下单,接入报价前追问/拦截,precheck_quote:dimension_or_limit_gate,超高经典/拱形/胶囊玻璃门,1,超高经典玻璃门/拱形玻璃门/胶囊玻璃门,新版高置信追问/拦截规则可自动推进；存在旧版相近规则，需 shadow 和回归测试后覆盖。,5,超高拼框木门尺寸限制 | 拱形玻璃门尺寸限制 | 胶囊玻璃门尺寸限制 | 超高拼框玻璃门尺寸限制 | 美式木门尺寸限制
landing-rule-0142,data-point-0142,active_new_baseline_candidate,new_overrides_old_after_tests,old_overlap_shadow_required,high,P1-影响能否下单,接入报价前追问/拦截,precheck_quote:dimension_or_limit_gate,上翻门,1,上翻门（小螳螂） •门板面积(㎡)*门高(m)≤0.28 •开启方式：可推弹开启、抠手开启、五金拉手开启 •尺寸限制：门长度≤1040mm；真格栅上翻门长度＞765mm时需加竖撑 拼框门高度≤560mm；横纹平板上翻门（含展板门）高度≤50,新版高置信追问/拦截规则可自动推进；存在旧版相近规则，需 shadow 和回归测试后覆盖。,5,拱形藤编门尺寸限制 | 藤编门尺寸限制 | 可推弹开启、抠手开启、拉手 | 50*20mm，默认门盖拉条，如需抽屉盖拉条须备注，注意会影响抽盒高度。 | 可推弹开启、拉手
landing-rule-0370,data-point-0370,active_new_baseline_candidate,new_overrides_old_after_tests,old_overlap_shadow_required,high,P1-影响能否下单,接入报价前追问/拦截,precheck_quote:dimension_or_limit_gate,铝框岩板门,1,铝框岩板门 •尺寸限制：300mm≤高度≤2700mm，300mm≤宽度≤500mm •门板厚度：22mm •门边框宽度：55mm •岩板厚度：6mm •门边框颜色：黑色 •开启方式：按弹开启 •适用铰链：所有铰链均适用。内嵌门铰链称宽度需,新版高置信追问/拦截规则可自动推进；存在旧版相近规则，需 shadow 和回归测试后覆盖。,5,针式铰链铝框门尺寸限制 | 铝框岩板门尺寸限制 | 铝框岩板门板按长度加价 | 可推弹开启、抠手开启、拉手 | 50*20mm，默认门盖拉条，如需抽屉盖拉条须备注，注意会影响抽盒高度。
landing-rule-0391,data-point-0391,active_new_baseline_candidate,new_overrides_old_after_tests,old_overlap_shadow_required,high,P1-影响能否下单,接入报价前追问/拦截,precheck_quote:required_note_or_confirmation_gate,雪见推拉门,1,•尺寸限制：高度H≤1200；宽度W≤1200；拼框 门边框宽度外露30mm； •门板厚度：22mm； •横格栅条：无斜切边，宽度10mm，厚度:21mm， 横格栅条之间间距≈30mm，默认均分，有特殊 要求需标注及备注； •竖格栅条：无斜,新版高置信追问/拦截规则可自动推进；存在旧版相近规则，需 shadow 和回归测试后覆盖。,5,可推弹开启、抠手开启、拉手 | 可推弹开启、拉手 | 可使用扣手、明装拉手 | 长拉手长度1100mm，可靠下安装，距边30mm，不可安装于其他位置 | 30mm，不可安装于其他位置。
landing-rule-0414,data-point-0414,active_new_baseline_candidate,new_overrides_old_after_tests,old_overlap_shadow_required,high,P1-影响能否下单,接入报价前追问/拦截,precheck_quote:dimension_or_limit_gate,儿童房家具设计要求,3,上表面离地高度不小于 600 mm床铺声明 上下床/高架床，上铺宽度均不能超过1.2M，为单人床尺寸，超过1.2M宽的高层产品定仅允许定制置物架，且置物架不提供休息功能，儿童 成人均不可在置物架上住宿。 √,新版高置信追问/拦截规则可自动推进；存在旧版相近规则，需 shadow 和回归测试后覆盖。,1,床榻包括箱体床、架式床、儿童床、榻榻米
landing-rule-0574,data-point-0574,active_new_baseline_candidate,new_overrides_old_after_tests,old_overlap_shadow_required,high,P1-影响能否下单,接入报价前追问/拦截,precheck_quote:dimension_or_limit_gate,模块化儿童床设计要求,18,•挂梯错层床，挂梯落于下床、错落差值变化时，挂梯始终位于上床左侧，位置变动时，挂梯右侧距离下床床腿的距离L应满足：12≤L＜ 25mm 或 60≤L＜75mm 或 L≥200mm；挂梯落地、错落差值变化时，挂梯始终位于上床右侧，位置变动时，,新版高置信追问/拦截规则可自动推进；存在旧版相近规则，需 shadow 和回归测试后覆盖。,1,设计时应注意上床距离房顶高度，以免无法起身，使用不便
landing-rule-0013,data-point-0013,active_new_baseline_candidate,new_overrides_old_after_tests,old_overlap_shadow_required,high,P1-影响能否下单,接入报价前追问/拦截,precheck_quote:dimension_or_limit_gate,书梯书柜,1,•指带有可滑动书梯的书柜。 •带有书梯的书柜高度建议≥2800mm •爬梯宽度500mm，爬梯总长≤2600mm •爬梯滑轨安装板净高度要求≥80mm；超高柜体如分段在 上，分缝处应在滑轨安装板下方。 •为方便攀爬，梯子上带有扣手，扣手尺寸,新版高置信追问/拦截规则可自动推进；存在旧版相近规则，需 shadow 和回归测试后覆盖。,1,书梯书柜尺寸与滑轨安装要求
landing-rule-0216,data-point-0216,active_new_baseline_candidate,new_rule_addition,no_old_overlap,high,P1-影响能否下单,接入报价前追问/拦截,precheck_quote:dimension_or_limit_gate,侧板通顶柜体设计应用,6,"≥40mm可通高侧板分段柜 适用于：上下分段侧板可水平放置于地面安装的柜体,如通高衣柜、书柜等 安装步骤：将分段侧板先水平放置于地面组装，待关键结构固定后再整体竖立。不可通高侧板分段柜 适用于：上下侧板由横向板件或岩板等断开的柜体，柜体高度",新版高置信追问/拦截规则，未发现旧版相近规则，可进入自动接入队列。,0,
landing-rule-0255,data-point-0255,active_new_baseline_candidate,new_overrides_old_after_tests,old_overlap_shadow_required,high,P1-影响能否下单,接入报价前追问/拦截,precheck_quote:dimension_or_limit_gate,拼框背板,1,•背板宽度应控制在1100mm以内，高度2300mm以内；芯板任意一边长应≤500mm，特殊情,新版高置信追问/拦截规则可自动推进；存在旧版相近规则，需 shadow 和回归测试后覆盖。,1,•背板宽度应控制在1100mm以内，高度2300mm以内；芯板任意一边长应≤500mm，特殊情
landing-rule-0268,data-point-0268,active_new_baseline_candidate,new_overrides_old_after_tests,old_overlap_shadow_required,high,P1-影响能否下单,接入报价前追问/拦截,precheck_quote:dimension_or_limit_gate,零食柜门,2,零食柜门 •零食柜体与层板间距需≥10mm；柜体深度需满足：60mm≤柜深≤100mm； •门板距地需≥10mm；柜体上左右距门板边缘40mm；底板距地：39mm； 零食柜体与层板间距需≥10mm顶板 零 食 柜 体门 板 层板 60mm≤,新版高置信追问/拦截规则可自动推进；存在旧版相近规则，需 shadow 和回归测试后覆盖。,1,可使用扣手、明装拉手
landing-rule-0360,data-point-0360,active_new_baseline_candidate,new_rule_addition,no_old_overlap,high,P1-影响能否下单,接入报价前追问/拦截,precheck_quote:required_note_or_confirmation_gate,铝框门说明及检索表,1,铝框门指门板框架为铝框的门板。 铝框门目前包括常规铰链铝框门、天地铰链铝框门和、针式铰链铝框门、铝框岩板门4种门型。 设计时，如使用天地铰链铝框门或针式铰链铝框门、铝框岩板门需备注，无备注默认为常规铰链铝框门。 为保证家具稳定性及后续正常使,新版高置信追问/拦截规则，未发现旧版相近规则，可进入自动接入队列。,0,
landing-rule-0411,data-point-0411,active_new_baseline_candidate,new_rule_addition,no_old_overlap,high,P1-影响能否下单,接入报价前追问/拦截,precheck_quote:dimension_or_limit_gate,模块化儿童床设计要求,6,j)上床为树屋造型时，设计时应考虑围栏入口位置及树屋造型是否影响上床进出。大树屋可调整屋顶高度，树屋造型高度范围1025-1075mm， 调整时应调节竖称部分高度，范围750-1000mm，设计时应注意屋顶造型与房顶之间的距离，预留足够的安,新版高置信追问/拦截规则，未发现旧版相近规则，可进入自动接入队列。,0,
landing-rule-0424,data-point-0424,active_new_baseline_candidate,new_rule_addition,no_old_overlap,high,P1-影响能否下单,接入报价前追问/拦截,precheck_quote:dimension_or_limit_gate,GB 28007-2024 婴幼儿及儿童家具安全技术规范,30,"f) 装配图,螺栓和其他锁紧机构装配图所需的所有零件和工具的清单和/或说明; g) 声明在儿童具备独立坐起能力之前不要使用产品; h) 声明如果产品任何部件损坏、破裂或缺失,都不得使用。 5.2 双层床要求 5.2.1 一般要求 产品应符合",新版高置信追问/拦截规则，未发现旧版相近规则，可进入自动接入队列。,0,
landing-rule-0572,data-point-0572,active_new_baseline_candidate,new_overrides_old_after_tests,old_overlap_shadow_required,high,P1-影响能否下单,接入报价前追问/拦截,precheck_quote:dimension_or_limit_gate,模块化儿童床设计要求,9,g)所有踏脚板上表面的前边缘应在一 直线上，允差±20mm； 步深示意图 h)有效步深应不小于90mm(见右图)； i)位于踏脚板附近的构件(抽屉、翼板、门等)不应干扰踏脚板的使用空间； j)上层床铺面框架不可视为踏脚板；符合本条上述规定的,新版高置信追问/拦截规则可自动推进；存在旧版相近规则，需 shadow 和回归测试后覆盖。,1,50*20mm，默认门盖拉条，如需抽屉盖拉条须备注，注意会影响抽盒高度。
landing-rule-0680,data-point-0680,active_new_baseline_candidate,new_rule_addition,no_old_overlap,high,P1-影响能否下单,接入报价前追问/拦截,precheck_quote:dimension_or_limit_gate,床榻说明,3,•定制梳背床等床头、床尾、床侧有护栏，供14岁以上人群使用的床榻时，应保证同一方向上相邻阻挡部件的净空间隙L应符合： 60mm≤L≤75mm。,新版高置信追问/拦截规则，未发现旧版相近规则，可进入自动接入队列。,0,
landing-rule-0684,data-point-0684,active_new_baseline_candidate,new_overrides_old_after_tests,old_overlap_shadow_required,high,P1-影响能否下单,接入报价前追问/拦截,precheck_quote:dimension_or_limit_gate,排骨架,1,所有床的排骨架统一为8公分宽的排骨条 单块排骨架 1.宽度≤1450mm时，排骨架数量为单 块。 2.排骨条均为80mm宽 3.排骨架间隙为15-25mm 主要适用于架式床、儿童床、侧翻床、 尾翻床等双块排骨架 1.宽度＞1450mm时，排,新版高置信追问/拦截规则可自动推进；存在旧版相近规则，需 shadow 和回归测试后覆盖。,5,600mm需分为2个抽屉； | 设计时应注意上床距离房顶高度，以免无法起身，使用不便 | 床榻包括箱体床、架式床、儿童床、榻榻米 | 排骨架间隙为15-25mm 主要适用于尾翻箱体床等排骨架 榻榻米结构 | 尺寸 双层床上床及高架床床宽应≤1200mm（床垫尺寸） *高架床指床铺面（排骨架）的上表面离地高度≥600mm的床类产品 双层床上下床铺面之间净空距离建议不小于1100mm 双层床及高架床设计时应注意上床距离屋顶空间，防止上床后无法起身，离顶高度建议不小于900mm ≤1200mm 离地高度 离地高度
landing-rule-0686,data-point-0686,active_new_baseline_candidate,new_rule_addition,no_old_overlap,high,P1-影响能否下单,接入报价前追问/拦截,precheck_quote:dimension_or_limit_gate,床垫限位器,1,•带举升器的箱体床默认安装床垫限位器，限位器规格为： 50*80*260mm（黑色）；尾翻箱体床限位器安装于床头方向， 尾翻床床垫宽度＜1500mm时安装1个，床垫宽度≥1500mm时 安装2个；侧翻箱体床限位器安装于侧面（与锁扣相反方 向,新版高置信追问/拦截规则，未发现旧版相近规则，可进入自动接入队列。,0,
landing-rule-0007,data-point-0007,active_new_baseline_candidate,new_rule_addition,no_old_overlap,high,P1-影响能否下单,接入报价前追问/拦截,precheck_quote:required_note_or_confirmation_gate,洞洞板,1,•金属洞洞板整体厚度20m，板件2mm厚，颜色可选黑色或白色，需备注，无备注默 认黑色 •孔洞为长方椭圆，可适配宜家洞洞板系统相关配件。 •洞洞板长宽尺寸可订制，根据尺寸大小，板件中间可能有竖撑结构，不影响挂放 配件；洞洞板不能把插座移到背,新版高置信追问/拦截规则，未发现旧版相近规则，可进入自动接入队列。,0,
landing-rule-0083,data-point-0083,active_new_baseline_candidate,new_overrides_old_after_tests,old_overlap_shadow_required,high,P1-影响能否下单,接入报价前追问/拦截,precheck_quote:required_note_or_confirmation_gate,挡条,6,•柜体设计需考虑安装空间，推荐添加柜体挡条，特殊情况下如客户特殊要求无挡条，应要求客户保证墙体平整度并量尺准确，同时备注于 合同中；以下分述不同情况下的挡条要求： •到顶柜体顶挡条高度要求≥50mm； •有石膏线的墙面，建议到顶柜体总高在石,新版高置信追问/拦截规则可自动推进；存在旧版相近规则，需 shadow 和回归测试后覆盖。,3,窄边风格拆装时门盖牙称与顶挡条最少留出15mm | 60mm以下不能做居中圆扣手。 | 标准尺寸使用标准挂梯，定制尺寸时，应满足以下要求：
landing-rule-0148,data-point-0148,active_new_baseline_candidate,new_rule_addition,no_old_overlap,high,P1-影响能否下单,接入报价前追问/拦截,precheck_quote:dimension_or_limit_gate,花瓣拉手,1,花瓣拉手 •花瓣拉手为铣型扣手的一种，只能用在20厚的平板门上；中间挡板材质为黑色磨砂亚克力。 •其圆弧半径有两种选项：50mm，80mm，不能更改数值；斗柜矮柜类建议用50mm，衣柜高柜类建议用80mm •不同场景在应用花瓣拉手时结构有微,新版高置信追问/拦截规则，未发现旧版相近规则，可进入自动接入队列。,0,
landing-rule-0150,data-point-0150,active_new_baseline_candidate,new_overrides_old_after_tests,old_overlap_shadow_required,high,P1-影响能否下单,接入报价前追问/拦截,precheck_quote:dimension_or_limit_gate,灯带,6,12mm集控双门碰感应开关(插拔头)05.64.0013；,新版高置信追问/拦截规则可自动推进；存在旧版相近规则，需 shadow 和回归测试后覆盖。,4,可隔门板手扫雷达开关适用材质与灯带范围 | 12mm集控触模感应开关(插拔头)05.65.0012； | 适用于所有型号灯带 | 无线单面板动能开关
landing-rule-0235,data-point-0235,active_new_baseline_candidate,new_overrides_old_after_tests,old_overlap_shadow_required,high,P1-影响能否下单,接入报价前追问/拦截,precheck_quote:required_note_or_confirmation_gate,无牙称柜体,1,•无牙称柜体分为无前牙称柜体和无前后牙称柜体，需备注或在图纸中标注； •牙称高度≤250mm； •无前牙称柜体内空长度＞1200mm时，需加装一个暗支腿，暗支腿距前100mm，或由中间竖板落地； •无前后牙称柜体内空长度＞900mm时，需加,新版高置信追问/拦截规则可自动推进；存在旧版相近规则，需 shadow 和回归测试后覆盖。,1,榻榻米组合柜空区加托称时需固定上墙
landing-rule-0239,data-point-0239,active_new_baseline_candidate,new_overrides_old_after_tests,old_overlap_shadow_required,high,P1-影响能否下单,接入报价前追问/拦截,precheck_quote:dimension_or_limit_gate,钻石柜,1,•钻石柜即五边形角柜，指柜体俯视图中有五边形区域的柜体。 •此类柜体设计时，如有接近三角形或四边形区域，不应直接设计为尖角，以避免机加工及运输时造成的板件尖角损坏，平边长度需＞105mm； 为保证板件稳定性，纹理方向板件长度≤1100mm，,新版高置信追问/拦截规则可自动推进；存在旧版相近规则，需 shadow 和回归测试后覆盖。,1,抽屉应距离门板至少60mm特殊铰链
landing-rule-0241,data-point-0241,active_new_baseline_candidate,new_rule_addition,no_old_overlap,high,P1-影响能否下单,接入报价前追问/拦截,precheck_quote:dimension_or_limit_gate,无底板柜,1,•无底板柜体常用于电器柜，如冰箱柜、洗衣机柜、消毒柜、扫地机器人柜等与内嵌电器组合的柜体。 •空区无背板时需在后方添加背板框，以保证柜体稳定性。背板框背称宽度80mm，厚度22mm，内退2mm，设计时应注意柜体内净进深。 •其他样式无底板柜,新版高置信追问/拦截规则，未发现旧版相近规则，可进入自动接入队列。,0,
landing-rule-0248,data-point-0248,active_new_baseline_candidate,new_overrides_old_after_tests,old_overlap_shadow_required,high,P1-影响能否下单,接入报价前追问/拦截,precheck_quote:dimension_or_limit_gate,挡条,2,脱缝挡条 •脱缝挡条：挡条厚度22mm，30mm≤宽度≤120mm，使用连接件与柜体连接。在图纸中应标注为红色； •脱缝挡条一般与外盖门柜体搭配使用，柜门左右上半盖，可见参考模型； 顶挡条与侧挡条关系 挡条与柜体关系及样式 挡条与柜体关系,新版高置信追问/拦截规则可自动推进；存在旧版相近规则，需 shadow 和回归测试后覆盖。,5,窄边风格拆装时门盖牙称与顶挡条最少留出15mm | 可推弹开启、抠手开启、拉手 | 可推弹开启、拉手 | 60mm以下不能做居中圆扣手。 | 可使用明装拉手
landing-rule-0254,data-point-0254,active_new_baseline_candidate,new_overrides_old_after_tests,old_overlap_shadow_required,high,P1-影响能否下单,接入报价前追问/拦截,precheck_quote:dimension_or_limit_gate,拼框背板,1,•背板分为拼框背板与平板背板，其中拼框背板又分为卧装背板与平装背板。 •拼框背板为框嵌板结构，背称（边框）宽度50mm，厚度22mm；芯板厚度卧装8mm，平装 11mm。 •背板宽度应控制在1100mm以内，高度2300mm以内；芯板任意一,新版高置信追问/拦截规则可自动推进；存在旧版相近规则，需 shadow 和回归测试后覆盖。,1,•背板宽度应控制在1100mm以内，高度2300mm以内；芯板任意一边长应≤500mm，特殊情
landing-rule-0262,data-point-0262,active_new_baseline_candidate,new_rule_addition,no_old_overlap,high,P1-影响能否下单,接入报价前追问/拦截,precheck_quote:dimension_or_limit_gate,抽屉说明,2,•抽屉上面的层板需要承重的柜体，比如书柜、门厅柜坐凳位置、展示柜等，抽屉宽度要≤900mm ；＞900mm的时候需要分成两个抽屉， 并且两个抽屉中间加立板。抽屉说明 抽屉＞900mm时，需要分成两个抽屉，并且中间需加立板支撑抽屉上方层板，防,新版高置信追问/拦截规则，未发现旧版相近规则，可进入自动接入队列。,0,
landing-rule-0276,data-point-0276,active_new_baseline_candidate,new_rule_addition,no_old_overlap,high,P1-影响能否下单,接入报价前追问/拦截,precheck_quote:dimension_or_limit_gate,上下翻门说明,1,•设计上下翻门时应在图纸中说明门板的开启方向及方式 •上下翻门做窄边框经典木门样式时，均为外盖，不可做内嵌门 •横向拉线上下翻门，柜门内嵌时，安装铰链的方向需留白至少20mm，以安装铰链 •上下翻门根据门板重量不同，两侧支撑数量会有变化（1,新版高置信追问/拦截规则，未发现旧版相近规则，可进入自动接入队列。,0,
landing-rule-0278,data-point-0278,active_new_baseline_candidate,new_overrides_old_after_tests,old_overlap_shadow_required,high,P1-影响能否下单,接入报价前追问/拦截,precheck_quote:dimension_or_limit_gate,上翻回收门,1,上翻回收门 •门长度≤1040mm，拼框门高度≤560mm •横纹平板上翻回收门（含展板回收门）高度≤500mm，门高＞450mm需要加中缝 •设计时应注意门高与柜体进深的关系，门高大于柜体进深时，应满足：门高-柜体进深≤1/4门高 •当上,新版高置信追问/拦截规则可自动推进；存在旧版相近规则，需 shadow 和回归测试后覆盖。,2,60mm以下不能做居中圆扣手。 | 可抠手开启、五金拉手
landing-rule-0293,data-point-0293,active_new_baseline_candidate,new_rule_addition,no_old_overlap,high,P1-影响能否下单,接入报价前追问/拦截,precheck_quote:dimension_or_limit_gate,模块化儿童床设计要求,17,•错层床和高架床的进出通道为梯柜时，若梯柜进深≥侧面床体宽度，则梯柜一侧无需加腿称； •梯柜的一侧有柜体相邻时，梯柜和柜体之间有缝隙需要加封板，具体宽度根据实际情况自行决定，外露边角为R10的圆角； 左侧有等宽柜体支撑，右侧有等宽梯柜， 左,新版高置信追问/拦截规则，未发现旧版相近规则，可进入自动接入队列。,0,
landing-rule-0295,data-point-0295,active_new_baseline_candidate,new_overrides_old_after_tests,old_overlap_shadow_required,high,P1-影响能否下单,接入报价前追问/拦截,precheck_quote:dimension_or_limit_gate,模块化儿童床设计要求,19,床底无支撑 床底有部分柜体支撑床底有等宽等长柜体支撑•所有高架床及错层床上床底部无柜体时，上床离地高度h≤1450mm，床底有部分柜体支撑时，离地高度h≤1600mm，床底有床体等长等宽柜体 支撑时，离地高度h≤1800mm；设计时应注意上,新版高置信追问/拦截规则可自动推进；存在旧版相近规则，需 shadow 和回归测试后覆盖。,1,设计时应注意上床距离房顶高度，以免无法起身，使用不便
landing-rule-0501,data-point-0501,active_new_baseline_candidate,new_rule_addition,no_old_overlap,high,P1-影响能否下单,接入报价前追问/拦截,precheck_quote:dimension_or_limit_gate,常规边角风格,11,•为方便查看尺寸，尺寸图中边角为直边，实物为圆边，可参考下页实物图与渲染图。 •图示为燕尾榫，该边角风格柜体默认为燕尾榫，不可做其他结构。 •外直角常用于组合柜体。 A B 外直角新古典圆边 A B 2626 26 26,新版高置信追问/拦截规则，未发现旧版相近规则，可进入自动接入队列。,0,
landing-rule-0828,data-point-0828,active_new_baseline_candidate,new_rule_addition,no_old_overlap,high,P1-影响能否下单,接入报价前追问/拦截,precheck_quote:dimension_or_limit_gate,海棠角设计与应用,2,海棠角应用场景示意 抽面与搁板之间的海棠角应用 抽面与柜体、搁板之间也可以采用海棠角交接，不光 只有上下两个边可以做海棠角，最多可以四个边同时 做海棠角设计，但要注意：如果是抽屉是反弹开启时， 需预留反弹空间，所以反弹开启时的工艺会有略微区,新版高置信追问/拦截规则，未发现旧版相近规则，可进入自动接入队列。,0,
landing-rule-0836,data-point-0836,active_new_baseline_candidate,new_rule_addition,no_old_overlap,high,P1-影响能否下单,接入报价前追问/拦截,precheck_quote:dimension_or_limit_gate,侧板通顶柜体设计应用,5,•可做侧板通顶结构柜体有：侧板不断开或分缝断开柜体；侧板之间安装可在地面完成，无需额外安装空间上下进深一致 的柜体，例如常规的书柜，衣柜，餐边柜； •不可做侧板通顶结构柜体有：侧板上下断开层板外露柜体；上下进深不一致的柜体；天地铰链铝框门柜,新版高置信追问/拦截规则，未发现旧版相近规则，可进入自动接入队列。,0,
landing-rule-0845,data-point-0845,active_new_baseline_candidate,new_overrides_old_after_tests,old_overlap_shadow_required,high,P1-影响能否下单,接入报价前追问/拦截,precheck_quote:dimension_or_limit_gate,海棠角边角风格,4,•图示为45°拼接结构，该样式边角不可做其他结构。 •使用该样式边角设计有门板的柜体时只能为普通门板的内嵌门。海棠边角-海棠角平边,新版高置信追问/拦截规则可自动推进；存在旧版相近规则，需 shadow 和回归测试后覆盖。,1,当高柜使用海棠角斜边时，顶底板为直角平边，门板盖顶底板
landing-rule-0847,data-point-0847,active_new_baseline_candidate,new_rule_addition,no_old_overlap,high,P1-影响能否下单,接入报价前追问/拦截,precheck_quote:dimension_or_limit_gate,柜体分类说明,1,柜体分类 •从家具结构来看，良禽生产的家具可分为拆装式家具与整装式家具。 •拆装式家具各零部件之间多采用各种连接件接合，可以多次拆卸和安装，如衣柜、书柜、床等。 •整装式家具各零部件之间多采用榫接合，不可拆装，如斗柜、床头柜、餐桌等。 •对,新版高置信追问/拦截规则，未发现旧版相近规则，可进入自动接入队列。,0,
landing-rule-0129,data-point-0129,active_new_baseline_candidate,new_overrides_old_after_tests,old_overlap_shadow_required,high,P1-影响能否下单,接入报价前追问/拦截,precheck_quote:dimension_or_limit_gate,常规推拉门,6,拼框木推拉门 拼框玻璃推拉门 真格栅推拉门 藤编推拉门 新古典格栅推拉门美式推拉门 单扇门宽≤1200mm 门宽＞650mm需加竖撑单扇门宽≤780mm 单扇门宽≤1200mm 门宽＞765mm需加竖撑单扇门宽≤1200mm 门宽＞650m,新版高置信追问/拦截规则可自动推进；存在旧版相近规则，需 shadow 和回归测试后覆盖。,1,门宽＞650mm需加竖撑单扇门
landing-rule-0392,data-point-0392,active_new_baseline_candidate,new_overrides_old_after_tests,old_overlap_shadow_required,high,P1-影响能否下单,接入报价前追问/拦截,precheck_quote:dimension_or_limit_gate,日式障子门,3,日式障子门——活动格栅 格栅门为三扇时，最上面的格栅门为固定扇不能活动 格栅门为两扇时均为活动扇，上侧格栅门下端默认加拉手拉手固 定 门 板,新版高置信追问/拦截规则可自动推进；存在旧版相近规则，需 shadow 和回归测试后覆盖。,1,默认双边居中内扣拉手
landing-rule-0510,data-point-0510,active_new_baseline_candidate,new_overrides_old_after_tests,old_overlap_shadow_required,high,P1-影响能否下单,接入报价前追问/拦截,precheck_quote:dimension_or_limit_gate,转角柜,4,平门铰链 常规铰链 大角度铰链 常规铰链+铰链称 门板外盖 铰链称宽度≥80mm 常规铰链+铰链称 门板内嵌 铰链称宽度≥门厚+80mm以下为带门分组转角柜常见开门设计方法，设计时应注意柜门开启时是否与邻柜柜门拉手冲突。 平行铰链+铰链称,新版高置信追问/拦截规则可自动推进；存在旧版相近规则，需 shadow 和回归测试后覆盖。,3,L型层板后方均为背板 | 抽屉应距离门板至少60mm特殊铰链 | 30mm，不可安装于其他位置。
landing-rule-0006,data-point-0006,active_new_baseline_candidate,new_rule_addition,no_old_overlap,high,P1-影响合同备注,接入报价前追问/拦截,precheck_quote:required_note_or_confirmation_gate,洞洞板,1,•金属洞洞板整体厚度20m，板件2mm厚，颜色可选黑色或白色，需备注，无备注默,新版高置信追问/拦截规则，未发现旧版相近规则，可进入自动接入队列。,0,
landing-rule-0265,data-point-0265,active_new_baseline_candidate,new_overrides_old_after_tests,old_overlap_shadow_required,high,P1-影响合同备注,接入报价前追问/拦截,precheck_quote:required_note_or_confirmation_gate,抽屉悬空解决方案,1,50*20mm，默认门盖拉条，如需抽屉盖拉条须备注，注意会影响抽盒高度。,新版高置信追问/拦截规则可自动推进；存在旧版相近规则，需 shadow 和回归测试后覆盖。,1,50*20mm，默认门盖拉条，如需抽屉盖拉条须备注，注意会影响抽盒高度。
landing-rule-0266,data-point-0266,active_new_baseline_candidate,new_overrides_old_after_tests,old_overlap_shadow_required,high,P1-影响合同备注,接入报价前追问/拦截,precheck_quote:required_note_or_confirmation_gate,抽屉悬空解决方案,1,•外置抽屉下与柜门相接，抽屉悬空时，下方需加装横向拉条，规格 50*20mm，默认门盖拉条，如需抽屉盖拉条须备注，注意会影响抽盒高度。 （以2个抽屉悬空为例） •外置抽屉下方如果是开放区域（没有柜门），则使 用层板 开放柜体 加层板抽屉悬空,新版高置信追问/拦截规则可自动推进；存在旧版相近规则，需 shadow 和回归测试后覆盖。,1,50*20mm，默认门盖拉条，如需抽屉盖拉条须备注，注意会影响抽盒高度。
landing-rule-0512,data-point-0512,active_new_baseline_candidate,new_overrides_old_after_tests,old_overlap_shadow_required,high,P1-影响合同备注,接入报价前追问/拦截,precheck_quote:required_note_or_confirmation_gate,书梯书柜,2,•柜体圆边时，书梯滑轨安装板上下层板外侧圆边 外侧圆边 •爬梯滑轨安装板默认平板无造型，可做造型设计，选择增加造型时 需备注 •造型尺寸默认如右侧俯视图，槽间距默认6，可根据实际情况适当调 整，需要备注在合同中以及附有修改后的尺寸图纸 •注,新版高置信追问/拦截规则可自动推进；存在旧版相近规则，需 shadow 和回归测试后覆盖。,1,书梯书柜尺寸与滑轨安装要求
landing-rule-0726,data-point-0726,active_new_baseline_candidate,new_rule_addition,no_old_overlap,high,P1-影响能否下单,接入报价前追问/拦截,precheck_quote:dimension_or_limit_gate,定制并立书桌,1,SZ-07 定制并立书桌 桌长≤2400mm可不分段，桌长＞2000mm需考虑能否搬运及进入入户门，如不能， 则需在订单中注明此桌为拆装结构。 桌长＞2400mm为拆装结构，且需分段，在屉柜左右两侧做分段结构带屉定制款： 桌台长L≤1600,新版高置信追问/拦截规则，未发现旧版相近规则，可进入自动接入队列。,0,
landing-rule-0005,data-point-0005,active_new_baseline_candidate,new_rule_addition,no_old_overlap,high,P1-影响合同备注,接入报价前追问/拦截,precheck_quote:required_note_or_confirmation_gate,黑 白板门,1,黑/白板门 •门板类型：该门型为拼框门的一种，可做：平开门、推拉门、上下翻门； •珐琅板颜色：黑色哑光/白色哑光；两种颜色可选，下单需要备注 •门板结构：由木框+芯板+哑光搪瓷珐琅板组合而成；门厚22/26mm，按照拼框门厚度规则变化；珐琅,新版高置信追问/拦截规则，未发现旧版相近规则，可进入自动接入队列。,0,
landing-rule-0389,data-point-0389,active_new_baseline_candidate,new_overrides_old_after_tests,old_overlap_shadow_required,high,P1-影响合同备注,接入报价前追问/拦截,precheck_quote:required_note_or_confirmation_gate,常规推拉门,3,推拉门拉手 •拼框推拉门多使用扣手，也可以使用拉手，使用拉手时注意拉手在外侧门板上，内侧门板可做扣手或无扣手； •带阻尼的推拉门默认带居中全圆扣手，尺寸200×22mm，不要扣手或特殊扣手需备注及标注； •使用木轨道的推拉门因扣手尽头有缺口,新版高置信追问/拦截规则可自动推进；存在旧版相近规则，需 shadow 和回归测试后覆盖。,1,也可以使用拉手
landing-rule-0442,data-point-0442,active_new_baseline_candidate,new_overrides_old_after_tests,old_overlap_shadow_required,high,P1-影响能否下单,接入报价前追问/拦截,precheck_quote:dimension_or_limit_gate,斜腿桌系列,1,CZ-02 斜腿餐桌 CZ-07 岩板餐桌 标准款： 1600*800*780 1800*900*780订制款： 长度≤2100mm 宽度≤900mm L尺寸要求 S上腿径X下腿径ZS左右上边距ZX左右下边距QS前后上边距QX前后下边距H横,新版高置信追问/拦截规则可自动推进；存在旧版相近规则，需 shadow 和回归测试后覆盖。,5,可推弹开启、抠手开启、拉手 | 超长定制款：桌长超过2400可进行分段定制，分段处需增加支腿，支腿尺寸不变；中支腿位于分缝处中心，左右支腿参照标准品左右距边SZ-14 漂流岛/漂流岛Y | 2000*900*780 订制款： 长度≤2000mm 宽度≤900mm其他桌 该类书桌必须固定在承重墙上;无需与其他柜体固定订制注意事项： | 若作为书桌或梳妆台等需考虑桌下容腿空间，柜体下沿距地建 | 可使用明装拉手
landing-rule-0488,data-point-0488,active_new_baseline_candidate,new_rule_addition,no_old_overlap,high,P1-影响能否下单,接入报价前追问/拦截,precheck_quote:dimension_or_limit_gate,海棠角设计与应用,9,海棠角 设计应用示意：开放区 侧 板顶 板 侧 板 柜 体 侧 板 底板开放区海棠角的应用一般是整个开放柜框的四个碰角， 正面可以是海棠角斜边，也可以是海棠角平边。需要 注意开放格不能直接落地，设计时可在下方加贴条， 如开放格左右有柜门时，,新版高置信追问/拦截规则，未发现旧版相近规则，可进入自动接入队列。,0,
landing-rule-0515,data-point-0515,active_new_baseline_candidate,new_rule_addition,no_old_overlap,high,P1-影响能否下单,接入报价前追问/拦截,precheck_quote:required_note_or_confirmation_gate,活动层板,2,•活动层板按连接方式分为“可拆卸活动层板”和“可上下调节活动层板”。在图纸中应标注为红色。可上下调节活动层板的排孔需在设计图 中明确表示，设计图中未体现或未明确备注的，默认在层板上下各打1个，孔距60mm。 ①可拆卸活动层板：只能拆卸，不能,新版高置信追问/拦截规则，未发现旧版相近规则，可进入自动接入队列。,0,
landing-rule-0404,data-point-0404,active_new_baseline_candidate,new_overrides_old_after_tests,old_overlap_shadow_required,high,P1-影响合同备注,接入报价前追问/拦截,precheck_quote:required_note_or_confirmation_gate,玻璃,1,黑玻 欧茶 金茶 欧灰超白长虹 超白 油砂 欧灰长虹•玻璃均为钢化玻璃，长虹玻璃高度＜300mm或高度＞300mm长度＜365mm无法做钢化，其他玻璃尺寸长度高度均小于365mm时无法做钢化； •玻璃厚度统一5mm； •使用玻璃时，需截图手,新版高置信追问/拦截规则可自动推进；存在旧版相近规则，需 shadow 和回归测试后覆盖。,5,玻璃抽屉尺寸与开启方式限制 | 拱形玻璃门尺寸限制 | 胶囊玻璃门尺寸限制 | 超高拼框玻璃门尺寸限制 | 美式玻璃门尺寸限制
landing-rule-0429,data-point-0429,active_new_baseline_candidate,new_rule_addition,no_old_overlap,high,P2-影响说明完整性,接入报价前追问/拦截,precheck_quote:rule_gate,GB 28007-2024 婴幼儿及儿童家具安全技术规范,39,"面时,应将这些撑杆拆除。 i) 装配图、装配所需的所有零件和工具的清单和说明,以及螺栓和其他所需紧固件的示意图。 j) 床垫的厚度应满足:当床铺面处于最低位置时,童床的内部高度(床垫上表面到童床侧面和端 面的上边缘)至少为500mm,当床铺",新版高置信追问/拦截规则，未发现旧版相近规则，可进入自动接入队列。,0,
landing-rule-0430,data-point-0430,active_new_baseline_candidate,new_rule_addition,no_old_overlap,high,P2-影响说明完整性,接入报价前追问/拦截,precheck_quote:rule_gate,GB 28007-2024 婴幼儿及儿童家具安全技术规范,42,"标准床垫支撑架:带有4条支撑腿、高度可调的床铺面,床铺面由板条制成,尺寸为900mm×",新版高置信追问/拦截规则，未发现旧版相近规则，可进入自动接入队列。,0,
landing-rule-0225,data-point-0225,active_new_baseline_candidate,new_overrides_old_after_tests,old_overlap_shadow_required,high,P2-影响说明完整性,接入报价前追问/拦截,precheck_quote:rule_gate,常规拆装柜体,4,a）外露层板常规拆装柜体-超高柜体分段示例 柜体高度＞2600mm时需分段，上下分段柜体分段处接缝需与层板上方及柜门门缝平齐，可见图，特殊情况门板可横跨分缝处，但需有层板连接固定； 不分段的情况下，默认上下门半盖层板，特殊情况：柜门断开位置,新版高置信追问/拦截规则可自动推进；存在旧版相近规则，需 shadow 和回归测试后覆盖。,2,常规拆装柜体牙称常用50/80mm，允许范围50-250mm | 常规拆装柜体高度≤1700mm默认顶盖侧，＞1700mm默认侧盖顶
landing-rule-0231,data-point-0231,active_new_baseline_candidate,new_rule_addition,no_old_overlap,high,P2-影响说明完整性,接入报价前追问/拦截,precheck_quote:rule_gate,美式拆装柜体,5,美式拆装柜体-超高柜体分段示例 美式柜体侧板高度＞2600mm时需分段，分段方式有2种： ①分缝断开：与常规拆装柜体分段方式相同，上下分段柜体分段处接缝需与层板上方及柜门门缝平齐，可见图，特殊情况门板可横跨分缝 处，但需有层板连接固定。 ②,新版高置信追问/拦截规则，未发现旧版相近规则，可进入自动接入队列。,0,
landing-rule-0573,data-point-0573,active_new_baseline_candidate,new_overrides_old_after_tests,old_overlap_shadow_required,high,P2-影响说明完整性,接入报价前追问/拦截,precheck_quote:rule_gate,模块化儿童床设计要求,11,c)两连续的踏脚板表面距离应为250mm±50mm； 200-300mm d)所有踏脚板上表面间的距离应均匀，允差为±5mm； abcde)踏脚板使用宽度应不小于450mm，最大600mm，超过 600mm需分为2个抽屉； 450-600m,新版高置信追问/拦截规则可自动推进；存在旧版相近规则，需 shadow 和回归测试后覆盖。,1,标准尺寸使用标准挂梯，定制尺寸时，应满足以下要求：
landing-rule-0264,data-point-0264,active_new_baseline_candidate,new_rule_addition,no_old_overlap,high,P2-影响说明完整性,接入报价前追问/拦截,precheck_quote:rule_gate,内置抽屉滑道架,1,•为防止抽屉与铰链或柜门冲突发生抽屉无法打开的情况，内置抽屉 需加装滑道架 •内置抽屉上相应的层板前沿与抽面在同一平面 •滑道架前后竖称宽度两种规格： •60mm (拼框门等） •90mm（流云门、飞瀑门等平板门） •有滑道架的抽屉要求抽面,新版高置信追问/拦截规则，未发现旧版相近规则，可进入自动接入队列。,0,
landing-rule-0152,data-point-0152,paused_unverified,not_in_runtime,paused_quality_or_ocr,medium,P0-影响金额,接入报价计算,pricing_calculation:door_panel_adjustment,穿衣镜,1,•隐形穿衣镜：安装于拼框门后，需另外收费，见《报价原则》,机器置信度不足或来源片段化，先暂停，不进入正式报价。,0,
landing-rule-0064,data-point-0064,paused_unverified,not_in_runtime,paused_quality_or_ocr,medium,P0-影响安全/安装,接入报价前追问/拦截,precheck_quote:safety_or_install_gate,岩板柜,1,•岩板作为台面，边角默认为直边安全角，其他边角需备注；边,机器置信度不足或来源片段化，先暂停，不进入正式报价。,0,
landing-rule-0263,data-point-0263,paused_unverified,not_in_runtime,paused_quality_or_ocr,medium,P1-影响金额候选,接入报价计算,pricing_calculation:cabinet_structure_adjustment,标准抽屉滑轨,1,•以上3类抽屉默认使用海蒂诗阻尼托底轨：,机器置信度不足或来源片段化，先暂停，不进入正式报价。,0,
landing-rule-0107,data-point-0107,paused_unverified,not_in_runtime,paused_quality_or_ocr,medium,P1-影响能否下单,接入报价前追问/拦截,precheck_quote:dimension_or_limit_gate,飞瀑门,1,•尺寸限制：单扇门宽≤500mm，宽度＞450mm时，需两块拼接（外,机器置信度不足或来源片段化，先暂停，不进入正式报价。,5,超高拼框木门尺寸限制 | 拱形玻璃门尺寸限制 | 胶囊玻璃门尺寸限制 | 超高拼框玻璃门尺寸限制 | 拱形藤编门尺寸限制
landing-rule-0012,data-point-0012,paused_unverified,not_in_runtime,paused_quality_or_ocr,medium,P1-影响能否下单,接入报价前追问/拦截,precheck_quote:dimension_or_limit_gate,书梯书柜,1,•指带有可滑动书梯的书柜。,机器置信度不足或来源片段化，先暂停，不进入正式报价。,1,书梯书柜尺寸与滑轨安装要求
landing-rule-0234,data-point-0234,paused_unverified,not_in_runtime,paused_quality_or_ocr,medium,P1-影响能否下单,接入报价前追问/拦截,precheck_quote:required_note_or_confirmation_gate,无牙称柜体,1,•无牙称柜体分为无前牙称柜体和无前后牙称柜体，需备注或在图纸中标注；,机器置信度不足或来源片段化，先暂停，不进入正式报价。,1,榻榻米组合柜空区加托称时需固定上墙
landing-rule-0275,data-point-0275,paused_unverified,not_in_runtime,paused_quality_or_ocr,medium,P1-影响能否下单,接入报价前追问/拦截,precheck_quote:dimension_or_limit_gate,上下翻门说明,1,•设计上下翻门时应在图纸中说明门板的开启方向及方式,机器置信度不足或来源片段化，先暂停，不进入正式报价。,0,
landing-rule-0201,data-point-0201,paused_unverified,not_in_runtime,paused_quality_or_ocr,low,P0-影响金额,接入报价计算,pricing_calculation:material_or_rock_slab_adjustment,售后设计问题总结260102,21,3).问题：材质下错，应该是白蜡木的，设计师下成了白橡木（费用收的白蜡木的价格）,机器置信度不足或来源片段化，先暂停，不进入正式报价。,0,
landing-rule-0994,data-point-0994,paused_unverified,not_in_runtime,paused_quality_or_ocr,low,P0-影响安全/安装,接入报价前追问/拦截,precheck_quote:safety_or_install_gate,售后设计问题总结2510,11,5).问题：沟通中忽略了电源孔位导致电源正对层板，不能现场开孔 ●原因：柜体灯带只需要用到一个插座，客户留了仨，后续想改到背板上，但前期未提需求，导致电位跟书柜层板有冲突。 ●如何避免：涉及灯带电位的柜体，建议设计师提前询问客户是否有插座移,机器置信度不足或来源片段化，先暂停，不进入正式报价。,0,
landing-rule-0786,data-point-0786,paused_unverified,not_in_runtime,paused_quality_or_ocr,low,P1-影响能否下单,接入报价前追问/拦截,precheck_quote:dimension_or_limit_gate,售后设计问题总结2508,16,1）.问题：不符合设计标准手册 ●原因：设计师酷家乐建模时大部分不符合标准的会报错，但是一些外观细节没办法报错，需要自己检查；手册内容更新后 没有查看依旧按之前的标准。 ●如何避免：手册更新后需及时查看，画图时均可对照手册建模，不能太依赖酷,机器置信度不足或来源片段化，先暂停，不进入正式报价。,0,
landing-rule-0964,data-point-0964,paused_unverified,not_in_runtime,paused_quality_or_ocr,low,P1-影响能否下单,接入报价前追问/拦截,precheck_quote:dimension_or_limit_gate,售后设计问题总结2506,16,1）.问题：不符合设计标准手册 ●原因：设计师酷家乐建模时不符合标准的模型会报错，转su画图时，没有参考手册标准画图，无法及时发现错误；手册内 容更新后没有查看依旧按之前的标准。 ●如何避免：手册更新后需及时查看，画图时均可对照手册建模，不,机器置信度不足或来源片段化，先暂停，不进入正式报价。,0,
landing-rule-0979,data-point-0979,paused_unverified,not_in_runtime,paused_quality_or_ocr,low,P1-影响能否下单,接入报价前追问/拦截,precheck_quote:dimension_or_limit_gate,售后设计问题总结2508,10,2）.设计问题：窗台岩板凸出，导致床右侧两个盖板不能完全打开 ●原因：没有把窗台石这种细节考虑上，su没有画上窗台石尺寸，在设计挡条的时候就没有考虑窗台石的避让。 ●如何避免：建议大家给涉及家具安装区域的地方，例如窗台石、管道、窗帘盒、中央,机器置信度不足或来源片段化，先暂停，不进入正式报价。,0,
landing-rule-1379,data-point-1379,paused_unverified,not_in_runtime,paused_quality_or_ocr,low,P1-影响能否下单,接入报价前追问/拦截,precheck_quote:dimension_or_limit_gate,售后设计问题总结2603,9,1）.问题：不符合设计标准手册，工艺结构 ●原因：设计师搭建模型时，没有及时查询手册内容。 ●如何避免：手册更新后需及时查看，画图时均可对照手册建模，不能太依赖酷家乐的报错功能。前框架左右竖称宽度不够，无法安装五金件。和设计 沟通改成左右1,机器置信度不足或来源片段化，先暂停，不进入正式报价。,0,
landing-rule-0313,data-point-0313,paused_unverified,not_in_runtime,paused_quality_or_ocr,low,P1-影响能否下单,接入报价前追问/拦截,precheck_quote:dimension_or_limit_gate,售后设计问题总结260102,29,1）.问题：不符合设计标准手册，工艺结构 ●原因：设计师搭建模型时，没有及时查询手册内容。 ●如何避免：手册更新后需及时查看，画图时均可对照手册建模，不能太依赖酷家乐的报错功能。结构不合理，经沟通改成后面是框架的 衣杆标准最小间距是40 内,机器置信度不足或来源片段化，先暂停，不进入正式报价。,0,
landing-rule-0749,data-point-0749,paused_unverified,not_in_runtime,paused_quality_or_ocr,low,P1-影响能否下单,接入报价前追问/拦截,precheck_quote:dimension_or_limit_gate,售后设计问题总结2503,16,1）.问题：不符合设计标准手册 ●原因：设计师酷家乐建模时不符合标准的模型会报错，转su画图时，没有参考手册标准画图，无法及时发现错误；手册内 容更新后没有查看依旧按之前的标准。 ●如何避免：手册更新后需及时查看，画图时均可对照手册建模，不,机器置信度不足或来源片段化，先暂停，不进入正式报价。,0,
landing-rule-0760,data-point-0760,paused_unverified,not_in_runtime,paused_quality_or_ocr,low,P1-影响能否下单,接入报价前追问/拦截,precheck_quote:dimension_or_limit_gate,售后设计问题总结2505,7,2).问题：柜腿凸出墙面1公分多，简美造型凸出3公分，客户不接受 ● 原因：没有按照U型空间的要求预留挡边条；U型柜体为一整个柜体，侧面需要按要求添加档条，图2右侧小柜体需要和墙体外 侧齐平，且不能突出，相当于右侧靠墙，但由于右侧为柜门且不,机器置信度不足或来源片段化，先暂停，不进入正式报价。,0,
landing-rule-0796,data-point-0796,paused_unverified,not_in_runtime,paused_quality_or_ocr,low,P1-影响能否下单,接入报价前追问/拦截,precheck_quote:dimension_or_limit_gate,售后设计问题总结2510,9,3）.问题：L型书柜拐角处设计了一根收口条，导致有一侧书柜不能靠墙，正好有2组书柜没有做背板， 离墙缝隙比较大 ●原因：书柜有背板更换到无背板方案时，忽略了原本为U型柜体预留的挡条，未去掉挡条更改柜体尺寸，导致无背板书柜后 方有明显空隙。,机器置信度不足或来源片段化，先暂停，不进入正式报价。,0,
landing-rule-0798,data-point-0798,paused_unverified,not_in_runtime,paused_quality_or_ocr,low,P1-影响能否下单,接入报价前追问/拦截,precheck_quote:dimension_or_limit_gate,售后设计问题总结2510,17,1）.问题：不符合设计标准手册，工艺结构 ●原因：设计师酷家乐建模时大部分不符合标准的会报错，但是一些外观细节没办法报错，需要自己检查；手册内容更新后 没有查看依旧按之前的标准。 ●如何避免：手册更新后需及时查看，画图时均可对照手册建模，不,机器置信度不足或来源片段化，先暂停，不进入正式报价。,0,
landing-rule-0807,data-point-0807,paused_unverified,not_in_runtime,paused_quality_or_ocr,low,P1-影响能否下单,接入报价前追问/拦截,precheck_quote:dimension_or_limit_gate,售后设计问题总结2512,9,1）.问题：不符合设计标准手册，工艺结构 ●原因：设计师酷家乐建模时大部分不符合标准的会报错，但是一些外观细节没办法报错，需要自己检查；遇到特殊柜体搭 建时，没有及时查询手册。 ●如何避免：手册更新后需及时查看，画图时均可对照手册建模，不能,机器置信度不足或来源片段化，先暂停，不进入正式报价。,0,
landing-rule-0925,data-point-0925,paused_unverified,not_in_runtime,paused_quality_or_ocr,low,P1-影响能否下单,接入报价前追问/拦截,precheck_quote:dimension_or_limit_gate,售后设计问题总结250102,28,1）.问题：不符合设计标准手册 ●原因：设计师酷家乐建模时不符合标准的模型会报错，突然转su画图，没有参考手册标准画图。 ●如何避免：画图时均可对照手册建模，不能太依赖酷家乐的报错功能。排骨架效果图和标准不符，1320尺寸应做一块排骨架 吊,机器置信度不足或来源片段化，先暂停，不进入正式报价。,0,
landing-rule-0987,data-point-0987,paused_unverified,not_in_runtime,paused_quality_or_ocr,low,P1-影响能否下单,接入报价前追问/拦截,precheck_quote:dimension_or_limit_gate,售后设计问题总结2509,17,1）.问题：不符合设计标准手册 ●原因：设计师酷家乐建模时大部分不符合标准的会报错，但是一些外观细节没办法报错，需要自己检查；手册内容更新后 没有查看依旧按之前的标准。 ●如何避免：手册更新后需及时查看，画图时均可对照手册建模，不能太依赖酷,机器置信度不足或来源片段化，先暂停，不进入正式报价。,0,
landing-rule-0470,data-point-0470,paused_unverified,not_in_runtime,paused_quality_or_ocr,low,P1-影响能否下单,接入报价前追问/拦截,precheck_quote:dimension_or_limit_gate,售后设计问题总结2511,19,1）.问题：不符合设计标准手册，工艺结构 ●原因：设计师酷家乐建模时大部分不符合标准的会报错，但是一些外观细节没办法报错，需要自己检查；手册内容更新后 没有查看依旧按之前的标准。 ●如何避免：手册更新后需及时查看，画图时均可对照手册建模，不,机器置信度不足或来源片段化，先暂停，不进入正式报价。,0,
landing-rule-1327,data-point-1327,paused_unverified,not_in_runtime,paused_quality_or_ocr,low,P1-影响能否下单,接入报价前追问/拦截,precheck_quote:dimension_or_limit_gate,售后设计问题总结2505,18,1）.问题：不符合设计标准手册/工艺结构 ●原因：设计师酷家乐建模时不符合标准的模型会报错，转su画图时，没有参考手册标准画图，无法及时发现错误；手册内 容更新后没有查看依旧按之前的标准。 ●如何避免：手册更新后需及时查看，画图时均可对照手,机器置信度不足或来源片段化，先暂停，不进入正式报价。,0,
landing-rule-1339,data-point-1339,paused_unverified,not_in_runtime,paused_quality_or_ocr,low,P1-影响能否下单,接入报价前追问/拦截,precheck_quote:dimension_or_limit_gate,售后设计问题总结2507,23,1）.问题：不符合设计标准手册 ●原因：设计师酷家乐建模时大部分不符合标准的会报错，但是一些外观细节没办法报错，需要自己检查；手册内容更新后 没有查看依旧按之前的标准。 ●如何避免：手册更新后需及时查看，画图时均可对照手册建模，不能太依赖酷,机器置信度不足或来源片段化，先暂停，不进入正式报价。,0,
landing-rule-0957,data-point-0957,paused_unverified,not_in_runtime,paused_quality_or_ocr,low,P1-影响合同备注,接入报价前追问/拦截,precheck_quote:required_note_or_confirmation_gate,售后设计问题总结2505,19,2）.问题：漏标注/备注 ●原因：设计师不够仔细，下单前未检查需标注信息是否遗漏。 ●如何避免：在图纸完成后，仔细检查备注栏、图纸、客户需求和手册中需要备注的点。备注没有提玻璃是哪种玻璃，没有配效果图。 从其他订单中找到效果图，和设计确认是,机器置信度不足或来源片段化，先暂停，不进入正式报价。,0,
landing-rule-1016,data-point-1016,paused_unverified,not_in_runtime,paused_quality_or_ocr,low,P1-影响合同备注,接入报价前追问/拦截,precheck_quote:required_note_or_confirmation_gate,售后设计问题总结260102,30,2）.问题：漏标注/备注/图纸,机器置信度不足或来源片段化，先暂停，不进入正式报价。,0,
landing-rule-1311,data-point-1311,paused_unverified,not_in_runtime,paused_quality_or_ocr,low,P1-影响合同备注,接入报价前追问/拦截,precheck_quote:required_note_or_confirmation_gate,售后设计问题总结2503,17,2）.问题：漏标注/备注 ●原因：设计师不够仔细，下单前未检查需标注信息是否遗漏。 ●如何避免：在图纸完成后，仔细检查备注栏、图纸、客户需求和手册中需要备注的点。 床排骨架客户要无缝隙的，没有备注 有特殊 要求一样要备注最后确定的是做成拼框,机器置信度不足或来源片段化，先暂停，不进入正式报价。,0,
landing-rule-1343,data-point-1343,paused_unverified,not_in_runtime,paused_quality_or_ocr,low,P1-影响合同备注,接入报价前追问/拦截,precheck_quote:required_note_or_confirmation_gate,售后设计问题总结2508,13,1）.问题：客户要求两边的床互不相通，实际中间的隔板顶部漏缝，设计师未注意到 ●原因：设计师没有记录并及时落实客户要求。 ●如何避免：客户提出合理需求先记录，后续建模时一一比对落到实处，并让客户确认效果以免理解方式不同导致错误。,机器置信度不足或来源片段化，先暂停，不进入正式报价。,0,
landing-rule-0198,data-point-0198,paused_unverified,not_in_runtime,paused_quality_or_ocr,low,P1-影响合同备注,接入报价前追问/拦截,precheck_quote:required_note_or_confirmation_gate,售后设计问题总结260102,9,7）.问题：客户自购餐桌塞不进餐边柜抽屉下面（图纸内空860，特别注意那里设计师让改成850） 客户桌子尺寸850 ●原因：中间空区客户有放置餐桌的需求，尺寸为860mm，但合同中未体现，也没有家具关系摆放图纸，柜体左侧上下柜宽度 尺寸不一,机器置信度不足或来源片段化，先暂停，不进入正式报价。,0,
landing-rule-0741,data-point-0741,paused_unverified,not_in_runtime,paused_quality_or_ocr,low,P1-影响合同备注,接入报价前追问/拦截,precheck_quote:required_note_or_confirmation_gate,售后设计问题总结250102,29,2）.问题：漏标注/图纸/备注/错误标注 ●原因：下单前未仔细对照图纸与备注是否一致、是否漏标。 ●如何避免：在图纸完成后，仔细检查备注栏、图纸、客户需求和手册中需要备注的点。只有电箱尺寸没有开孔尺寸 内空未标注 门板尺寸未标注 未备注没有,机器置信度不足或来源片段化，先暂停，不进入正式报价。,0,
landing-rule-0743,data-point-0743,paused_unverified,not_in_runtime,paused_quality_or_ocr,low,P1-影响合同备注,接入报价前追问/拦截,precheck_quote:required_note_or_confirmation_gate,售后设计问题总结2503,4,2）.问题：顾客家里衣柜柜门打不开 ●原因：设计师未提前询问客户家柜门开启方式及柜门尺寸，导致预留柜门开启空间不足与床体冲突。 ●如何避免：设计衣柜旁边的床时应注意柜门开启后与床体是否冲突，需提前向客户询问相邻家具的规格尺寸，并在户型中搭建,机器置信度不足或来源片段化，先暂停，不进入正式报价。,0,
landing-rule-1022,data-point-1022,paused_unverified,not_in_runtime,paused_quality_or_ocr,low,P1-影响合同备注,接入报价前追问/拦截,precheck_quote:required_note_or_confirmation_gate,售后设计问题总结2603,10,2）.问题：漏标注/备注/图纸,机器置信度不足或来源片段化，先暂停，不进入正式报价。,0,
landing-rule-1023,data-point-1023,paused_unverified,not_in_runtime,paused_quality_or_ocr,low,P1-影响合同备注,接入报价前追问/拦截,precheck_quote:required_note_or_confirmation_gate,售后设计问题总结2603,10,2）.问题：漏标注/备注/图纸 ●原因：设计师下单前未检查需标注信息是否遗漏。 ●如何避免：在图纸完成后，仔细检查备注栏、图纸、客户需求和手册中需要备注的点。缺少内部结构和排骨架开启图 超高柜体 上下分段位置未标注 床箱高度530超过了标准,机器置信度不足或来源片段化，先暂停，不进入正式报价。,0,
landing-rule-0193,data-point-0193,paused_unverified,not_in_runtime,paused_quality_or_ocr,low,P1-影响合同备注,接入报价前追问/拦截,precheck_quote:required_note_or_confirmation_gate,售后设计问题总结2511,20,2）.问题：漏标注/备注/图纸,机器置信度不足或来源片段化，先暂停，不进入正式报价。,0,
landing-rule-0975,data-point-0975,paused_unverified,not_in_runtime,paused_quality_or_ocr,low,P1-影响合同备注,接入报价前追问/拦截,precheck_quote:required_note_or_confirmation_gate,售后设计问题总结2507,24,2）.问题：漏标注/备注/图纸,机器置信度不足或来源片段化，先暂停，不进入正式报价。,0,
landing-rule-0976,data-point-0976,paused_unverified,not_in_runtime,paused_quality_or_ocr,low,P1-影响合同备注,接入报价前追问/拦截,precheck_quote:required_note_or_confirmation_gate,售后设计问题总结2507,24,2）.问题：漏标注/备注/图纸 ●原因：设计师不够仔细，下单前未检查需标注信息是否遗漏。 ●如何避免：在图纸完成后，仔细检查备注栏、图纸、客户需求和手册中需要备注的点。需要避让踢脚线图纸没有踢脚线尺寸 侧板没有标注开洞高度 灯带没有具体备注,机器置信度不足或来源片段化，先暂停，不进入正式报价。,0,
landing-rule-1351,data-point-1351,paused_unverified,not_in_runtime,paused_quality_or_ocr,low,P1-影响合同备注,接入报价前追问/拦截,precheck_quote:required_note_or_confirmation_gate,售后设计问题总结2509,18,2）.问题：漏标注/备注/图纸,机器置信度不足或来源片段化，先暂停，不进入正式报价。,0,
landing-rule-0188,data-point-0188,paused_unverified,not_in_runtime,paused_quality_or_ocr,low,P1-影响合同备注,接入报价前追问/拦截,precheck_quote:required_note_or_confirmation_gate,售后设计问题总结2510,18,2）.问题：漏标注/备注/图纸,机器置信度不足或来源片段化，先暂停，不进入正式报价。,0,
landing-rule-0189,data-point-0189,paused_unverified,not_in_runtime,paused_quality_or_ocr,low,P1-影响合同备注,接入报价前追问/拦截,precheck_quote:required_note_or_confirmation_gate,售后设计问题总结2510,18,2）.问题：漏标注/备注/图纸 ●原因：设计师不够仔细，下单前未检查需标注信息是否遗漏。 ●如何避免：在图纸完成后，仔细检查备注栏、图纸、客户需求和手册中需要备注的点。岩板的型号颜色图纸上没有体现， 岩板上开洞的尺寸不全 轨道型号颜色没有备,机器置信度不足或来源片段化，先暂停，不进入正式报价。,0,
landing-rule-0947,data-point-0947,paused_unverified,not_in_runtime,paused_quality_or_ocr,low,P1-影响能否下单,接入报价前追问/拦截,precheck_quote:dimension_or_limit_gate,售后设计问题总结2504,28,1）.问题：不符合设计标准手册/工艺结构 ●原因：设计师酷家乐建模时不符合标准的模型会报错，转su画图时，没有参考手册标准画图，无法及时发现错误；手册内 容更新后没有查看依旧按之前的标准。 ●如何避免：手册更新后需及时查看，画图时均可对照手,机器置信度不足或来源片段化，先暂停，不进入正式报价。,0,
landing-rule-1007,data-point-1007,paused_unverified,not_in_runtime,paused_quality_or_ocr,low,P1-影响合同备注,接入报价前追问/拦截,precheck_quote:required_note_or_confirmation_gate,售后设计问题总结2512,10,2）.问题：漏标注/备注/图纸,机器置信度不足或来源片段化，先暂停，不进入正式报价。,0,
landing-rule-1008,data-point-1008,paused_unverified,not_in_runtime,paused_quality_or_ocr,low,P1-影响合同备注,接入报价前追问/拦截,precheck_quote:required_note_or_confirmation_gate,售后设计问题总结2512,10,2）.问题：漏标注/备注/图纸 ●原因：设计师不够仔细，下单前未检查需标注信息是否遗漏。 ●如何避免：在图纸完成后，仔细检查备注栏、图纸、客户需求和手册中需要备注的点。背板需要内退单子上没有备注 需要平装背板没有备注 两张不同尺寸的桌子摆放,机器置信度不足或来源片段化，先暂停，不进入正式报价。,0,
landing-rule-0980,data-point-0980,paused_unverified,not_in_runtime,paused_quality_or_ocr,low,P1-影响合同备注,接入报价前追问/拦截,precheck_quote:required_note_or_confirmation_gate,售后设计问题总结2508,17,2）.问题：漏标注/备注/图纸,机器置信度不足或来源片段化，先暂停，不进入正式报价。,0,
landing-rule-0981,data-point-0981,paused_unverified,not_in_runtime,paused_quality_or_ocr,low,P1-影响合同备注,接入报价前追问/拦截,precheck_quote:required_note_or_confirmation_gate,售后设计问题总结2508,17,2）.问题：漏标注/备注/图纸 ●原因：设计师不够仔细，下单前未检查需标注信息是否遗漏。 ●如何避免：在图纸完成后，仔细检查备注栏、图纸、客户需求和手册中需要备注的点。层板与立板需要内缩，没有标注尺寸 没有标注内空尺寸，没有内部结构图 没有,机器置信度不足或来源片段化，先暂停，不进入正式报价。,0,
landing-rule-0314,data-point-0314,paused_unverified,not_in_runtime,paused_quality_or_ocr,low,P2-影响说明完整性,接入报价前追问/拦截,precheck_quote:rule_gate,2026.4.30更新日志,1,12mm集控双门碰感应开关(插拔头)05.64.0013,机器置信度不足或来源片段化，先暂停，不进入正式报价。,2,12mm集控触模感应开关(插拔头)05.65.0012； | 无线单面板动能开关
